[
  {
    "model": "admin.logentry",
    "pk": 1,
    "fields": {
      "action_time": "2023-10-25T08:00:04.706Z",
      "user": 1,
      "content_type": 9,
      "object_id": "1",
      "object_repr": "Chinnaswamy Stadium",
      "action_flag": 1,
      "change_message": "[{\"added\": {}}]"
    }
  },
  {
    "model": "admin.logentry",
    "pk": 2,
    "fields": {
      "action_time": "2023-10-25T08:00:20.360Z",
      "user": 1,
      "content_type": 12,
      "object_id": "1",
      "object_repr": "FoodItem object (1)",
      "action_flag": 1,
      "change_message": "[{\"added\": {}}]"
    }
  },
  {
    "model": "admin.logentry",
    "pk": 3,
    "fields": {
      "action_time": "2023-10-25T08:02:34.891Z",
      "user": 1,
      "content_type": 8,
      "object_id": "1",
      "object_repr": "VIP",
      "action_flag": 1,
      "change_message": "[{\"added\": {}}]"
    }
  },
  {
    "model": "admin.logentry",
    "pk": 4,
    "fields": {
      "action_time": "2023-10-25T08:04:47.158Z",
      "user": 1,
      "content_type": 10,
      "object_id": "1",
      "object_repr": "username",
      "action_flag": 1,
      "change_message": "[{\"added\": {}}]"
    }
  },
  {
    "model": "admin.logentry",
    "pk": 5,
    "fields": {
      "action_time": "2023-10-25T08:05:33.174Z",
      "user": 1,
      "content_type": 14,
      "object_id": "1",
      "object_repr": "IPL Final",
      "action_flag": 1,
      "change_message": "[{\"added\": {}}]"
    }
  },
  {
    "model": "admin.logentry",
    "pk": 6,
    "fields": {
      "action_time": "2023-10-25T08:07:21.789Z",
      "user": 1,
      "content_type": 7,
      "object_id": "1",
      "object_repr": "Booking #1",
      "action_flag": 1,
      "change_message": "[{\"added\": {}}]"
    }
  },
  {
    "model": "admin.logentry",
    "pk": 7,
    "fields": {
      "action_time": "2023-10-25T08:08:26.114Z",
      "user": 1,
      "content_type": 13,
      "object_id": "1",
      "object_repr": "French Friescoupon #1",
      "action_flag": 1,
      "change_message": "[{\"added\": {}}]"
    }
  },
  {
    "model": "admin.logentry",
    "pk": 8,
    "fields": {
      "action_time": "2023-10-25T08:09:07.992Z",
      "user": 1,
      "content_type": 11,
      "object_id": "1",
      "object_repr": "Ticket #1",
      "action_flag": 1,
      "change_message": "[{\"added\": {}}]"
    }
  },
  {
    "model": "admin.logentry",
    "pk": 9,
    "fields": {
      "action_time": "2023-10-25T18:29:33.073Z",
      "user": 1,
      "content_type": 12,
      "object_id": "179",
      "object_repr": "Jumbo Pickle",
      "action_flag": 3,
      "change_message": ""
    }
  },
  {
    "model": "admin.logentry",
    "pk": 10,
    "fields": {
      "action_time": "2023-10-25T18:29:33.078Z",
      "user": 1,
      "content_type": 12,
      "object_id": "178",
      "object_repr": "Popcorn",
      "action_flag": 3,
      "change_message": ""
    }
  },
  {
    "model": "admin.logentry",
    "pk": 11,
    "fields": {
      "action_time": "2023-10-25T18:29:33.081Z",
      "user": 1,
      "content_type": 12,
      "object_id": "177",
      "object_repr": "Popcorn",
      "action_flag": 3,
      "change_message": ""
    }
  },
  {
    "model": "admin.logentry",
    "pk": 12,
    "fields": {
      "action_time": "2023-10-25T18:29:33.084Z",
      "user": 1,
      "content_type": 12,
      "object_id": "176",
      "object_repr": "Jumbo Pickle",
      "action_flag": 3,
      "change_message": ""
    }
  },
  {
    "model": "admin.logentry",
    "pk": 13,
    "fields": {
      "action_time": "2023-10-25T18:29:33.086Z",
      "user": 1,
      "content_type": 12,
      "object_id": "175",
      "object_repr": "Pretzels",
      "action_flag": 3,
      "change_message": ""
    }
  },
  {
    "model": "admin.logentry",
    "pk": 14,
    "fields": {
      "action_time": "2023-10-25T18:29:33.089Z",
      "user": 1,
      "content_type": 12,
      "object_id": "174",
      "object_repr": "Mozzarella Sticks",
      "action_flag": 3,
      "change_message": ""
    }
  },
  {
    "model": "admin.logentry",
    "pk": 15,
    "fields": {
      "action_time": "2023-10-25T18:29:33.092Z",
      "user": 1,
      "content_type": 12,
      "object_id": "173",
      "object_repr": "Hot Dogs",
      "action_flag": 3,
      "change_message": ""
    }
  },
  {
    "model": "admin.logentry",
    "pk": 16,
    "fields": {
      "action_time": "2023-10-25T18:29:33.094Z",
      "user": 1,
      "content_type": 12,
      "object_id": "172",
      "object_repr": "Garlic Fries",
      "action_flag": 3,
      "change_message": ""
    }
  },
  {
    "model": "admin.logentry",
    "pk": 17,
    "fields": {
      "action_time": "2023-10-25T18:29:33.097Z",
      "user": 1,
      "content_type": 12,
      "object_id": "171",
      "object_repr": "Nachos",
      "action_flag": 3,
      "change_message": ""
    }
  },
  {
    "model": "admin.logentry",
    "pk": 18,
    "fields": {
      "action_time": "2023-10-25T18:29:33.100Z",
      "user": 1,
      "content_type": 12,
      "object_id": "170",
      "object_repr": "Soft Serve Ice Cream",
      "action_flag": 3,
      "change_message": ""
    }
  },
  {
    "model": "admin.logentry",
    "pk": 19,
    "fields": {
      "action_time": "2023-10-25T18:29:33.103Z",
      "user": 1,
      "content_type": 12,
      "object_id": "169",
      "object_repr": "Soft Pretzel Bites",
      "action_flag": 3,
      "change_message": ""
    }
  },
  {
    "model": "admin.logentry",
    "pk": 20,
    "fields": {
      "action_time": "2023-10-25T18:29:33.106Z",
      "user": 1,
      "content_type": 12,
      "object_id": "168",
      "object_repr": "Taco",
      "action_flag": 3,
      "change_message": ""
    }
  },
  {
    "model": "admin.logentry",
    "pk": 21,
    "fields": {
      "action_time": "2023-10-25T18:29:33.108Z",
      "user": 1,
      "content_type": 12,
      "object_id": "167",
      "object_repr": "Cotton Candy",
      "action_flag": 3,
      "change_message": ""
    }
  },
  {
    "model": "admin.logentry",
    "pk": 22,
    "fields": {
      "action_time": "2023-10-25T18:29:33.111Z",
      "user": 1,
      "content_type": 12,
      "object_id": "166",
      "object_repr": "Hamburger",
      "action_flag": 3,
      "change_message": ""
    }
  },
  {
    "model": "admin.logentry",
    "pk": 23,
    "fields": {
      "action_time": "2023-10-25T18:29:33.114Z",
      "user": 1,
      "content_type": 12,
      "object_id": "165",
      "object_repr": "Churros",
      "action_flag": 3,
      "change_message": ""
    }
  },
  {
    "model": "admin.logentry",
    "pk": 24,
    "fields": {
      "action_time": "2023-10-25T18:29:33.117Z",
      "user": 1,
      "content_type": 12,
      "object_id": "164",
      "object_repr": "Sausage Sandwich",
      "action_flag": 3,
      "change_message": ""
    }
  },
  {
    "model": "admin.logentry",
    "pk": 25,
    "fields": {
      "action_time": "2023-10-25T18:29:33.120Z",
      "user": 1,
      "content_type": 12,
      "object_id": "163",
      "object_repr": "French Fries",
      "action_flag": 3,
      "change_message": ""
    }
  },
  {
    "model": "admin.logentry",
    "pk": 26,
    "fields": {
      "action_time": "2023-10-25T18:29:33.122Z",
      "user": 1,
      "content_type": 12,
      "object_id": "162",
      "object_repr": "Ice Cream",
      "action_flag": 3,
      "change_message": ""
    }
  },
  {
    "model": "admin.logentry",
    "pk": 27,
    "fields": {
      "action_time": "2023-10-25T18:29:33.125Z",
      "user": 1,
      "content_type": 12,
      "object_id": "161",
      "object_repr": "Chicken Tenders",
      "action_flag": 3,
      "change_message": ""
    }
  },
  {
    "model": "admin.logentry",
    "pk": 28,
    "fields": {
      "action_time": "2023-10-25T18:29:33.128Z",
      "user": 1,
      "content_type": 12,
      "object_id": "160",
      "object_repr": "Candy Bars",
      "action_flag": 3,
      "change_message": ""
    }
  },
  {
    "model": "admin.logentry",
    "pk": 29,
    "fields": {
      "action_time": "2023-10-25T18:29:33.131Z",
      "user": 1,
      "content_type": 12,
      "object_id": "159",
      "object_repr": "Cheese Fries",
      "action_flag": 3,
      "change_message": ""
    }
  },
  {
    "model": "admin.logentry",
    "pk": 30,
    "fields": {
      "action_time": "2023-10-25T18:29:33.134Z",
      "user": 1,
      "content_type": 12,
      "object_id": "158",
      "object_repr": "Caramel Apples",
      "action_flag": 3,
      "change_message": ""
    }
  },
  {
    "model": "admin.logentry",
    "pk": 31,
    "fields": {
      "action_time": "2023-10-25T18:29:33.137Z",
      "user": 1,
      "content_type": 12,
      "object_id": "157",
      "object_repr": "Onion Rings",
      "action_flag": 3,
      "change_message": ""
    }
  },
  {
    "model": "admin.logentry",
    "pk": 32,
    "fields": {
      "action_time": "2023-10-25T18:29:33.140Z",
      "user": 1,
      "content_type": 12,
      "object_id": "156",
      "object_repr": "Pizza Slices",
      "action_flag": 3,
      "change_message": ""
    }
  },
  {
    "model": "admin.logentry",
    "pk": 33,
    "fields": {
      "action_time": "2023-10-25T18:29:33.142Z",
      "user": 1,
      "content_type": 12,
      "object_id": "155",
      "object_repr": "Pizza Slices",
      "action_flag": 3,
      "change_message": ""
    }
  },
  {
    "model": "admin.logentry",
    "pk": 34,
    "fields": {
      "action_time": "2023-10-25T18:29:33.145Z",
      "user": 1,
      "content_type": 12,
      "object_id": "154",
      "object_repr": "Onion Rings",
      "action_flag": 3,
      "change_message": ""
    }
  },
  {
    "model": "admin.logentry",
    "pk": 35,
    "fields": {
      "action_time": "2023-10-25T18:29:33.148Z",
      "user": 1,
      "content_type": 12,
      "object_id": "153",
      "object_repr": "Caramel Apples",
      "action_flag": 3,
      "change_message": ""
    }
  },
  {
    "model": "admin.logentry",
    "pk": 36,
    "fields": {
      "action_time": "2023-10-25T18:29:33.151Z",
      "user": 1,
      "content_type": 12,
      "object_id": "152",
      "object_repr": "Cheese Fries",
      "action_flag": 3,
      "change_message": ""
    }
  },
  {
    "model": "admin.logentry",
    "pk": 37,
    "fields": {
      "action_time": "2023-10-25T18:29:33.154Z",
      "user": 1,
      "content_type": 12,
      "object_id": "151",
      "object_repr": "Candy Bars",
      "action_flag": 3,
      "change_message": ""
    }
  },
  {
    "model": "admin.logentry",
    "pk": 38,
    "fields": {
      "action_time": "2023-10-25T18:29:33.157Z",
      "user": 1,
      "content_type": 12,
      "object_id": "150",
      "object_repr": "Chicken Tenders",
      "action_flag": 3,
      "change_message": ""
    }
  },
  {
    "model": "admin.logentry",
    "pk": 39,
    "fields": {
      "action_time": "2023-10-25T18:29:33.159Z",
      "user": 1,
      "content_type": 12,
      "object_id": "149",
      "object_repr": "Ice Cream",
      "action_flag": 3,
      "change_message": ""
    }
  },
  {
    "model": "admin.logentry",
    "pk": 40,
    "fields": {
      "action_time": "2023-10-25T18:29:33.162Z",
      "user": 1,
      "content_type": 12,
      "object_id": "148",
      "object_repr": "French Fries",
      "action_flag": 3,
      "change_message": ""
    }
  },
  {
    "model": "admin.logentry",
    "pk": 41,
    "fields": {
      "action_time": "2023-10-25T18:29:33.165Z",
      "user": 1,
      "content_type": 12,
      "object_id": "147",
      "object_repr": "Sausage Sandwich",
      "action_flag": 3,
      "change_message": ""
    }
  },
  {
    "model": "admin.logentry",
    "pk": 42,
    "fields": {
      "action_time": "2023-10-25T18:29:33.168Z",
      "user": 1,
      "content_type": 12,
      "object_id": "146",
      "object_repr": "Churros",
      "action_flag": 3,
      "change_message": ""
    }
  },
  {
    "model": "admin.logentry",
    "pk": 43,
    "fields": {
      "action_time": "2023-10-25T18:29:33.171Z",
      "user": 1,
      "content_type": 12,
      "object_id": "145",
      "object_repr": "Hamburger",
      "action_flag": 3,
      "change_message": ""
    }
  },
  {
    "model": "admin.logentry",
    "pk": 44,
    "fields": {
      "action_time": "2023-10-25T18:29:33.174Z",
      "user": 1,
      "content_type": 12,
      "object_id": "144",
      "object_repr": "Cotton Candy",
      "action_flag": 3,
      "change_message": ""
    }
  },
  {
    "model": "admin.logentry",
    "pk": 45,
    "fields": {
      "action_time": "2023-10-25T18:29:33.176Z",
      "user": 1,
      "content_type": 12,
      "object_id": "143",
      "object_repr": "Taco",
      "action_flag": 3,
      "change_message": ""
    }
  },
  {
    "model": "admin.logentry",
    "pk": 46,
    "fields": {
      "action_time": "2023-10-25T18:29:33.179Z",
      "user": 1,
      "content_type": 12,
      "object_id": "142",
      "object_repr": "Soft Pretzel Bites",
      "action_flag": 3,
      "change_message": ""
    }
  },
  {
    "model": "admin.logentry",
    "pk": 47,
    "fields": {
      "action_time": "2023-10-25T18:29:33.182Z",
      "user": 1,
      "content_type": 12,
      "object_id": "141",
      "object_repr": "Soft Serve Ice Cream",
      "action_flag": 3,
      "change_message": ""
    }
  },
  {
    "model": "admin.logentry",
    "pk": 48,
    "fields": {
      "action_time": "2023-10-25T18:29:33.185Z",
      "user": 1,
      "content_type": 12,
      "object_id": "140",
      "object_repr": "Nachos",
      "action_flag": 3,
      "change_message": ""
    }
  },
  {
    "model": "admin.logentry",
    "pk": 49,
    "fields": {
      "action_time": "2023-10-25T18:29:33.188Z",
      "user": 1,
      "content_type": 12,
      "object_id": "139",
      "object_repr": "Garlic Fries",
      "action_flag": 3,
      "change_message": ""
    }
  },
  {
    "model": "admin.logentry",
    "pk": 50,
    "fields": {
      "action_time": "2023-10-25T18:29:33.190Z",
      "user": 1,
      "content_type": 12,
      "object_id": "138",
      "object_repr": "Hot Dogs",
      "action_flag": 3,
      "change_message": ""
    }
  },
  {
    "model": "admin.logentry",
    "pk": 51,
    "fields": {
      "action_time": "2023-10-25T18:29:33.192Z",
      "user": 1,
      "content_type": 12,
      "object_id": "137",
      "object_repr": "Mozzarella Sticks",
      "action_flag": 3,
      "change_message": ""
    }
  },
  {
    "model": "admin.logentry",
    "pk": 52,
    "fields": {
      "action_time": "2023-10-25T18:29:33.195Z",
      "user": 1,
      "content_type": 12,
      "object_id": "136",
      "object_repr": "Pretzels",
      "action_flag": 3,
      "change_message": ""
    }
  },
  {
    "model": "admin.logentry",
    "pk": 53,
    "fields": {
      "action_time": "2023-10-25T18:29:33.198Z",
      "user": 1,
      "content_type": 12,
      "object_id": "135",
      "object_repr": "Jumbo Pickle",
      "action_flag": 3,
      "change_message": ""
    }
  },
  {
    "model": "admin.logentry",
    "pk": 54,
    "fields": {
      "action_time": "2023-10-25T18:29:33.201Z",
      "user": 1,
      "content_type": 12,
      "object_id": "134",
      "object_repr": "Popcorn",
      "action_flag": 3,
      "change_message": ""
    }
  },
  {
    "model": "admin.logentry",
    "pk": 55,
    "fields": {
      "action_time": "2023-10-25T18:29:33.204Z",
      "user": 1,
      "content_type": 12,
      "object_id": "133",
      "object_repr": "Popcorn",
      "action_flag": 3,
      "change_message": ""
    }
  },
  {
    "model": "admin.logentry",
    "pk": 56,
    "fields": {
      "action_time": "2023-10-25T18:29:33.207Z",
      "user": 1,
      "content_type": 12,
      "object_id": "132",
      "object_repr": "Jumbo Pickle",
      "action_flag": 3,
      "change_message": ""
    }
  },
  {
    "model": "admin.logentry",
    "pk": 57,
    "fields": {
      "action_time": "2023-10-25T18:29:33.209Z",
      "user": 1,
      "content_type": 12,
      "object_id": "131",
      "object_repr": "Pretzels",
      "action_flag": 3,
      "change_message": ""
    }
  },
  {
    "model": "admin.logentry",
    "pk": 58,
    "fields": {
      "action_time": "2023-10-25T18:29:33.212Z",
      "user": 1,
      "content_type": 12,
      "object_id": "130",
      "object_repr": "Mozzarella Sticks",
      "action_flag": 3,
      "change_message": ""
    }
  },
  {
    "model": "admin.logentry",
    "pk": 59,
    "fields": {
      "action_time": "2023-10-25T18:29:33.215Z",
      "user": 1,
      "content_type": 12,
      "object_id": "129",
      "object_repr": "Hot Dogs",
      "action_flag": 3,
      "change_message": ""
    }
  },
  {
    "model": "admin.logentry",
    "pk": 60,
    "fields": {
      "action_time": "2023-10-25T18:29:33.218Z",
      "user": 1,
      "content_type": 12,
      "object_id": "128",
      "object_repr": "Garlic Fries",
      "action_flag": 3,
      "change_message": ""
    }
  },
  {
    "model": "admin.logentry",
    "pk": 61,
    "fields": {
      "action_time": "2023-10-25T18:29:33.221Z",
      "user": 1,
      "content_type": 12,
      "object_id": "127",
      "object_repr": "Nachos",
      "action_flag": 3,
      "change_message": ""
    }
  },
  {
    "model": "admin.logentry",
    "pk": 62,
    "fields": {
      "action_time": "2023-10-25T18:29:33.224Z",
      "user": 1,
      "content_type": 12,
      "object_id": "126",
      "object_repr": "Soft Serve Ice Cream",
      "action_flag": 3,
      "change_message": ""
    }
  },
  {
    "model": "admin.logentry",
    "pk": 63,
    "fields": {
      "action_time": "2023-10-25T18:29:33.227Z",
      "user": 1,
      "content_type": 12,
      "object_id": "125",
      "object_repr": "Soft Pretzel Bites",
      "action_flag": 3,
      "change_message": ""
    }
  },
  {
    "model": "admin.logentry",
    "pk": 64,
    "fields": {
      "action_time": "2023-10-25T18:29:33.229Z",
      "user": 1,
      "content_type": 12,
      "object_id": "124",
      "object_repr": "Taco",
      "action_flag": 3,
      "change_message": ""
    }
  },
  {
    "model": "admin.logentry",
    "pk": 65,
    "fields": {
      "action_time": "2023-10-25T18:29:33.233Z",
      "user": 1,
      "content_type": 12,
      "object_id": "123",
      "object_repr": "Cotton Candy",
      "action_flag": 3,
      "change_message": ""
    }
  },
  {
    "model": "admin.logentry",
    "pk": 66,
    "fields": {
      "action_time": "2023-10-25T18:29:33.236Z",
      "user": 1,
      "content_type": 12,
      "object_id": "122",
      "object_repr": "Hamburger",
      "action_flag": 3,
      "change_message": ""
    }
  },
  {
    "model": "admin.logentry",
    "pk": 67,
    "fields": {
      "action_time": "2023-10-25T18:29:33.239Z",
      "user": 1,
      "content_type": 12,
      "object_id": "121",
      "object_repr": "Churros",
      "action_flag": 3,
      "change_message": ""
    }
  },
  {
    "model": "admin.logentry",
    "pk": 68,
    "fields": {
      "action_time": "2023-10-25T18:29:33.241Z",
      "user": 1,
      "content_type": 12,
      "object_id": "120",
      "object_repr": "Sausage Sandwich",
      "action_flag": 3,
      "change_message": ""
    }
  },
  {
    "model": "admin.logentry",
    "pk": 69,
    "fields": {
      "action_time": "2023-10-25T18:29:33.244Z",
      "user": 1,
      "content_type": 12,
      "object_id": "119",
      "object_repr": "French Fries",
      "action_flag": 3,
      "change_message": ""
    }
  },
  {
    "model": "admin.logentry",
    "pk": 70,
    "fields": {
      "action_time": "2023-10-25T18:29:33.247Z",
      "user": 1,
      "content_type": 12,
      "object_id": "118",
      "object_repr": "Ice Cream",
      "action_flag": 3,
      "change_message": ""
    }
  },
  {
    "model": "admin.logentry",
    "pk": 71,
    "fields": {
      "action_time": "2023-10-25T18:29:33.251Z",
      "user": 1,
      "content_type": 12,
      "object_id": "117",
      "object_repr": "Chicken Tenders",
      "action_flag": 3,
      "change_message": ""
    }
  },
  {
    "model": "admin.logentry",
    "pk": 72,
    "fields": {
      "action_time": "2023-10-25T18:29:33.253Z",
      "user": 1,
      "content_type": 12,
      "object_id": "116",
      "object_repr": "Candy Bars",
      "action_flag": 3,
      "change_message": ""
    }
  },
  {
    "model": "admin.logentry",
    "pk": 73,
    "fields": {
      "action_time": "2023-10-25T18:29:33.256Z",
      "user": 1,
      "content_type": 12,
      "object_id": "115",
      "object_repr": "Cheese Fries",
      "action_flag": 3,
      "change_message": ""
    }
  },
  {
    "model": "admin.logentry",
    "pk": 74,
    "fields": {
      "action_time": "2023-10-25T18:29:33.258Z",
      "user": 1,
      "content_type": 12,
      "object_id": "114",
      "object_repr": "Caramel Apples",
      "action_flag": 3,
      "change_message": ""
    }
  },
  {
    "model": "admin.logentry",
    "pk": 75,
    "fields": {
      "action_time": "2023-10-25T18:29:33.261Z",
      "user": 1,
      "content_type": 12,
      "object_id": "113",
      "object_repr": "Onion Rings",
      "action_flag": 3,
      "change_message": ""
    }
  },
  {
    "model": "admin.logentry",
    "pk": 76,
    "fields": {
      "action_time": "2023-10-25T18:29:33.265Z",
      "user": 1,
      "content_type": 12,
      "object_id": "112",
      "object_repr": "Pizza Slices",
      "action_flag": 3,
      "change_message": ""
    }
  },
  {
    "model": "admin.logentry",
    "pk": 77,
    "fields": {
      "action_time": "2023-10-25T18:29:33.267Z",
      "user": 1,
      "content_type": 12,
      "object_id": "111",
      "object_repr": "Pizza Slices",
      "action_flag": 3,
      "change_message": ""
    }
  },
  {
    "model": "admin.logentry",
    "pk": 78,
    "fields": {
      "action_time": "2023-10-25T18:29:33.270Z",
      "user": 1,
      "content_type": 12,
      "object_id": "110",
      "object_repr": "Onion Rings",
      "action_flag": 3,
      "change_message": ""
    }
  },
  {
    "model": "admin.logentry",
    "pk": 79,
    "fields": {
      "action_time": "2023-10-25T18:29:33.273Z",
      "user": 1,
      "content_type": 12,
      "object_id": "109",
      "object_repr": "Caramel Apples",
      "action_flag": 3,
      "change_message": ""
    }
  },
  {
    "model": "admin.logentry",
    "pk": 80,
    "fields": {
      "action_time": "2023-10-25T18:29:33.277Z",
      "user": 1,
      "content_type": 12,
      "object_id": "108",
      "object_repr": "Cheese Fries",
      "action_flag": 3,
      "change_message": ""
    }
  },
  {
    "model": "admin.logentry",
    "pk": 81,
    "fields": {
      "action_time": "2023-10-25T18:29:33.279Z",
      "user": 1,
      "content_type": 12,
      "object_id": "107",
      "object_repr": "Candy Bars",
      "action_flag": 3,
      "change_message": ""
    }
  },
  {
    "model": "admin.logentry",
    "pk": 82,
    "fields": {
      "action_time": "2023-10-25T18:29:33.283Z",
      "user": 1,
      "content_type": 12,
      "object_id": "106",
      "object_repr": "Chicken Tenders",
      "action_flag": 3,
      "change_message": ""
    }
  },
  {
    "model": "admin.logentry",
    "pk": 83,
    "fields": {
      "action_time": "2023-10-25T18:29:33.286Z",
      "user": 1,
      "content_type": 12,
      "object_id": "105",
      "object_repr": "Ice Cream",
      "action_flag": 3,
      "change_message": ""
    }
  },
  {
    "model": "admin.logentry",
    "pk": 84,
    "fields": {
      "action_time": "2023-10-25T18:29:33.288Z",
      "user": 1,
      "content_type": 12,
      "object_id": "104",
      "object_repr": "French Fries",
      "action_flag": 3,
      "change_message": ""
    }
  },
  {
    "model": "admin.logentry",
    "pk": 85,
    "fields": {
      "action_time": "2023-10-25T18:29:33.297Z",
      "user": 1,
      "content_type": 12,
      "object_id": "103",
      "object_repr": "Sausage Sandwich",
      "action_flag": 3,
      "change_message": ""
    }
  },
  {
    "model": "admin.logentry",
    "pk": 86,
    "fields": {
      "action_time": "2023-10-25T18:29:33.300Z",
      "user": 1,
      "content_type": 12,
      "object_id": "102",
      "object_repr": "Churros",
      "action_flag": 3,
      "change_message": ""
    }
  },
  {
    "model": "admin.logentry",
    "pk": 87,
    "fields": {
      "action_time": "2023-10-25T18:29:33.303Z",
      "user": 1,
      "content_type": 12,
      "object_id": "101",
      "object_repr": "Hamburger",
      "action_flag": 3,
      "change_message": ""
    }
  },
  {
    "model": "admin.logentry",
    "pk": 88,
    "fields": {
      "action_time": "2023-10-25T18:29:33.306Z",
      "user": 1,
      "content_type": 12,
      "object_id": "100",
      "object_repr": "Cotton Candy",
      "action_flag": 3,
      "change_message": ""
    }
  },
  {
    "model": "admin.logentry",
    "pk": 89,
    "fields": {
      "action_time": "2023-10-25T18:29:33.308Z",
      "user": 1,
      "content_type": 12,
      "object_id": "99",
      "object_repr": "Taco",
      "action_flag": 3,
      "change_message": ""
    }
  },
  {
    "model": "admin.logentry",
    "pk": 90,
    "fields": {
      "action_time": "2023-10-25T18:29:33.311Z",
      "user": 1,
      "content_type": 12,
      "object_id": "98",
      "object_repr": "Soft Pretzel Bites",
      "action_flag": 3,
      "change_message": ""
    }
  },
  {
    "model": "admin.logentry",
    "pk": 91,
    "fields": {
      "action_time": "2023-10-25T18:29:33.314Z",
      "user": 1,
      "content_type": 12,
      "object_id": "97",
      "object_repr": "Soft Serve Ice Cream",
      "action_flag": 3,
      "change_message": ""
    }
  },
  {
    "model": "admin.logentry",
    "pk": 92,
    "fields": {
      "action_time": "2023-10-25T18:29:33.317Z",
      "user": 1,
      "content_type": 12,
      "object_id": "96",
      "object_repr": "Nachos",
      "action_flag": 3,
      "change_message": ""
    }
  },
  {
    "model": "admin.logentry",
    "pk": 93,
    "fields": {
      "action_time": "2023-10-25T18:29:33.320Z",
      "user": 1,
      "content_type": 12,
      "object_id": "95",
      "object_repr": "Garlic Fries",
      "action_flag": 3,
      "change_message": ""
    }
  },
  {
    "model": "admin.logentry",
    "pk": 94,
    "fields": {
      "action_time": "2023-10-25T18:29:33.322Z",
      "user": 1,
      "content_type": 12,
      "object_id": "94",
      "object_repr": "Hot Dogs",
      "action_flag": 3,
      "change_message": ""
    }
  },
  {
    "model": "admin.logentry",
    "pk": 95,
    "fields": {
      "action_time": "2023-10-25T18:29:33.325Z",
      "user": 1,
      "content_type": 12,
      "object_id": "93",
      "object_repr": "Mozzarella Sticks",
      "action_flag": 3,
      "change_message": ""
    }
  },
  {
    "model": "admin.logentry",
    "pk": 96,
    "fields": {
      "action_time": "2023-10-25T18:29:33.328Z",
      "user": 1,
      "content_type": 12,
      "object_id": "92",
      "object_repr": "Pretzels",
      "action_flag": 3,
      "change_message": ""
    }
  },
  {
    "model": "admin.logentry",
    "pk": 97,
    "fields": {
      "action_time": "2023-10-25T18:29:33.331Z",
      "user": 1,
      "content_type": 12,
      "object_id": "91",
      "object_repr": "Jumbo Pickle",
      "action_flag": 3,
      "change_message": ""
    }
  },
  {
    "model": "admin.logentry",
    "pk": 98,
    "fields": {
      "action_time": "2023-10-25T18:29:33.334Z",
      "user": 1,
      "content_type": 12,
      "object_id": "90",
      "object_repr": "Popcorn",
      "action_flag": 3,
      "change_message": ""
    }
  },
  {
    "model": "admin.logentry",
    "pk": 99,
    "fields": {
      "action_time": "2023-10-25T18:29:33.337Z",
      "user": 1,
      "content_type": 12,
      "object_id": "89",
      "object_repr": "Popcorn",
      "action_flag": 3,
      "change_message": ""
    }
  },
  {
    "model": "admin.logentry",
    "pk": 100,
    "fields": {
      "action_time": "2023-10-25T18:29:33.340Z",
      "user": 1,
      "content_type": 12,
      "object_id": "88",
      "object_repr": "Jumbo Pickle",
      "action_flag": 3,
      "change_message": ""
    }
  },
  {
    "model": "admin.logentry",
    "pk": 101,
    "fields": {
      "action_time": "2023-10-25T18:29:33.343Z",
      "user": 1,
      "content_type": 12,
      "object_id": "87",
      "object_repr": "Pretzels",
      "action_flag": 3,
      "change_message": ""
    }
  },
  {
    "model": "admin.logentry",
    "pk": 102,
    "fields": {
      "action_time": "2023-10-25T18:29:33.346Z",
      "user": 1,
      "content_type": 12,
      "object_id": "86",
      "object_repr": "Mozzarella Sticks",
      "action_flag": 3,
      "change_message": ""
    }
  },
  {
    "model": "admin.logentry",
    "pk": 103,
    "fields": {
      "action_time": "2023-10-25T18:29:33.349Z",
      "user": 1,
      "content_type": 12,
      "object_id": "85",
      "object_repr": "Hot Dogs",
      "action_flag": 3,
      "change_message": ""
    }
  },
  {
    "model": "admin.logentry",
    "pk": 104,
    "fields": {
      "action_time": "2023-10-25T18:29:33.352Z",
      "user": 1,
      "content_type": 12,
      "object_id": "84",
      "object_repr": "Garlic Fries",
      "action_flag": 3,
      "change_message": ""
    }
  },
  {
    "model": "admin.logentry",
    "pk": 105,
    "fields": {
      "action_time": "2023-10-25T18:29:33.355Z",
      "user": 1,
      "content_type": 12,
      "object_id": "83",
      "object_repr": "Nachos",
      "action_flag": 3,
      "change_message": ""
    }
  },
  {
    "model": "admin.logentry",
    "pk": 106,
    "fields": {
      "action_time": "2023-10-25T18:29:33.357Z",
      "user": 1,
      "content_type": 12,
      "object_id": "82",
      "object_repr": "Soft Serve Ice Cream",
      "action_flag": 3,
      "change_message": ""
    }
  },
  {
    "model": "admin.logentry",
    "pk": 107,
    "fields": {
      "action_time": "2023-10-25T18:29:33.360Z",
      "user": 1,
      "content_type": 12,
      "object_id": "81",
      "object_repr": "Soft Pretzel Bites",
      "action_flag": 3,
      "change_message": ""
    }
  },
  {
    "model": "admin.logentry",
    "pk": 108,
    "fields": {
      "action_time": "2023-10-25T18:29:33.364Z",
      "user": 1,
      "content_type": 12,
      "object_id": "80",
      "object_repr": "Taco",
      "action_flag": 3,
      "change_message": ""
    }
  },
  {
    "model": "admin.logentry",
    "pk": 109,
    "fields": {
      "action_time": "2023-10-25T18:29:33.368Z",
      "user": 1,
      "content_type": 12,
      "object_id": "79",
      "object_repr": "Cotton Candy",
      "action_flag": 3,
      "change_message": ""
    }
  },
  {
    "model": "admin.logentry",
    "pk": 110,
    "fields": {
      "action_time": "2023-10-25T18:29:33.370Z",
      "user": 1,
      "content_type": 12,
      "object_id": "78",
      "object_repr": "Hamburger",
      "action_flag": 3,
      "change_message": ""
    }
  },
  {
    "model": "admin.logentry",
    "pk": 111,
    "fields": {
      "action_time": "2023-10-25T18:29:33.373Z",
      "user": 1,
      "content_type": 12,
      "object_id": "77",
      "object_repr": "Churros",
      "action_flag": 3,
      "change_message": ""
    }
  },
  {
    "model": "admin.logentry",
    "pk": 112,
    "fields": {
      "action_time": "2023-10-25T18:29:33.376Z",
      "user": 1,
      "content_type": 12,
      "object_id": "76",
      "object_repr": "Sausage Sandwich",
      "action_flag": 3,
      "change_message": ""
    }
  },
  {
    "model": "admin.logentry",
    "pk": 113,
    "fields": {
      "action_time": "2023-10-25T18:29:33.379Z",
      "user": 1,
      "content_type": 12,
      "object_id": "75",
      "object_repr": "French Fries",
      "action_flag": 3,
      "change_message": ""
    }
  },
  {
    "model": "admin.logentry",
    "pk": 114,
    "fields": {
      "action_time": "2023-10-25T18:29:33.381Z",
      "user": 1,
      "content_type": 12,
      "object_id": "74",
      "object_repr": "Ice Cream",
      "action_flag": 3,
      "change_message": ""
    }
  },
  {
    "model": "admin.logentry",
    "pk": 115,
    "fields": {
      "action_time": "2023-10-25T18:29:33.384Z",
      "user": 1,
      "content_type": 12,
      "object_id": "73",
      "object_repr": "Chicken Tenders",
      "action_flag": 3,
      "change_message": ""
    }
  },
  {
    "model": "admin.logentry",
    "pk": 116,
    "fields": {
      "action_time": "2023-10-25T18:29:33.387Z",
      "user": 1,
      "content_type": 12,
      "object_id": "72",
      "object_repr": "Candy Bars",
      "action_flag": 3,
      "change_message": ""
    }
  },
  {
    "model": "admin.logentry",
    "pk": 117,
    "fields": {
      "action_time": "2023-10-25T18:29:33.391Z",
      "user": 1,
      "content_type": 12,
      "object_id": "71",
      "object_repr": "Cheese Fries",
      "action_flag": 3,
      "change_message": ""
    }
  },
  {
    "model": "admin.logentry",
    "pk": 118,
    "fields": {
      "action_time": "2023-10-25T18:29:33.394Z",
      "user": 1,
      "content_type": 12,
      "object_id": "70",
      "object_repr": "Caramel Apples",
      "action_flag": 3,
      "change_message": ""
    }
  },
  {
    "model": "admin.logentry",
    "pk": 119,
    "fields": {
      "action_time": "2023-10-25T18:29:33.397Z",
      "user": 1,
      "content_type": 12,
      "object_id": "69",
      "object_repr": "Onion Rings",
      "action_flag": 3,
      "change_message": ""
    }
  },
  {
    "model": "admin.logentry",
    "pk": 120,
    "fields": {
      "action_time": "2023-10-25T18:29:33.399Z",
      "user": 1,
      "content_type": 12,
      "object_id": "68",
      "object_repr": "Pizza Slices",
      "action_flag": 3,
      "change_message": ""
    }
  },
  {
    "model": "admin.logentry",
    "pk": 121,
    "fields": {
      "action_time": "2023-10-25T18:29:33.403Z",
      "user": 1,
      "content_type": 12,
      "object_id": "67",
      "object_repr": "Pizza Slices",
      "action_flag": 3,
      "change_message": ""
    }
  },
  {
    "model": "admin.logentry",
    "pk": 122,
    "fields": {
      "action_time": "2023-10-25T18:29:33.405Z",
      "user": 1,
      "content_type": 12,
      "object_id": "66",
      "object_repr": "Onion Rings",
      "action_flag": 3,
      "change_message": ""
    }
  },
  {
    "model": "admin.logentry",
    "pk": 123,
    "fields": {
      "action_time": "2023-10-25T18:29:33.408Z",
      "user": 1,
      "content_type": 12,
      "object_id": "65",
      "object_repr": "Caramel Apples",
      "action_flag": 3,
      "change_message": ""
    }
  },
  {
    "model": "admin.logentry",
    "pk": 124,
    "fields": {
      "action_time": "2023-10-25T18:29:33.411Z",
      "user": 1,
      "content_type": 12,
      "object_id": "64",
      "object_repr": "Cheese Fries",
      "action_flag": 3,
      "change_message": ""
    }
  },
  {
    "model": "admin.logentry",
    "pk": 125,
    "fields": {
      "action_time": "2023-10-25T18:29:33.414Z",
      "user": 1,
      "content_type": 12,
      "object_id": "63",
      "object_repr": "Candy Bars",
      "action_flag": 3,
      "change_message": ""
    }
  },
  {
    "model": "admin.logentry",
    "pk": 126,
    "fields": {
      "action_time": "2023-10-25T18:29:33.417Z",
      "user": 1,
      "content_type": 12,
      "object_id": "62",
      "object_repr": "Chicken Tenders",
      "action_flag": 3,
      "change_message": ""
    }
  },
  {
    "model": "admin.logentry",
    "pk": 127,
    "fields": {
      "action_time": "2023-10-25T18:29:33.419Z",
      "user": 1,
      "content_type": 12,
      "object_id": "61",
      "object_repr": "Ice Cream",
      "action_flag": 3,
      "change_message": ""
    }
  },
  {
    "model": "admin.logentry",
    "pk": 128,
    "fields": {
      "action_time": "2023-10-25T18:29:33.422Z",
      "user": 1,
      "content_type": 12,
      "object_id": "60",
      "object_repr": "French Fries",
      "action_flag": 3,
      "change_message": ""
    }
  },
  {
    "model": "admin.logentry",
    "pk": 129,
    "fields": {
      "action_time": "2023-10-25T18:29:33.425Z",
      "user": 1,
      "content_type": 12,
      "object_id": "59",
      "object_repr": "Sausage Sandwich",
      "action_flag": 3,
      "change_message": ""
    }
  },
  {
    "model": "admin.logentry",
    "pk": 130,
    "fields": {
      "action_time": "2023-10-25T18:29:33.427Z",
      "user": 1,
      "content_type": 12,
      "object_id": "58",
      "object_repr": "Churros",
      "action_flag": 3,
      "change_message": ""
    }
  },
  {
    "model": "admin.logentry",
    "pk": 131,
    "fields": {
      "action_time": "2023-10-25T18:29:33.431Z",
      "user": 1,
      "content_type": 12,
      "object_id": "57",
      "object_repr": "Hamburger",
      "action_flag": 3,
      "change_message": ""
    }
  },
  {
    "model": "admin.logentry",
    "pk": 132,
    "fields": {
      "action_time": "2023-10-25T18:29:33.434Z",
      "user": 1,
      "content_type": 12,
      "object_id": "56",
      "object_repr": "Cotton Candy",
      "action_flag": 3,
      "change_message": ""
    }
  },
  {
    "model": "admin.logentry",
    "pk": 133,
    "fields": {
      "action_time": "2023-10-25T18:29:33.437Z",
      "user": 1,
      "content_type": 12,
      "object_id": "55",
      "object_repr": "Taco",
      "action_flag": 3,
      "change_message": ""
    }
  },
  {
    "model": "admin.logentry",
    "pk": 134,
    "fields": {
      "action_time": "2023-10-25T18:29:33.440Z",
      "user": 1,
      "content_type": 12,
      "object_id": "54",
      "object_repr": "Soft Pretzel Bites",
      "action_flag": 3,
      "change_message": ""
    }
  },
  {
    "model": "admin.logentry",
    "pk": 135,
    "fields": {
      "action_time": "2023-10-25T18:29:33.443Z",
      "user": 1,
      "content_type": 12,
      "object_id": "53",
      "object_repr": "Soft Serve Ice Cream",
      "action_flag": 3,
      "change_message": ""
    }
  },
  {
    "model": "admin.logentry",
    "pk": 136,
    "fields": {
      "action_time": "2023-10-25T18:29:33.445Z",
      "user": 1,
      "content_type": 12,
      "object_id": "52",
      "object_repr": "Nachos",
      "action_flag": 3,
      "change_message": ""
    }
  },
  {
    "model": "admin.logentry",
    "pk": 137,
    "fields": {
      "action_time": "2023-10-25T18:29:33.448Z",
      "user": 1,
      "content_type": 12,
      "object_id": "51",
      "object_repr": "Garlic Fries",
      "action_flag": 3,
      "change_message": ""
    }
  },
  {
    "model": "admin.logentry",
    "pk": 138,
    "fields": {
      "action_time": "2023-10-25T18:29:33.451Z",
      "user": 1,
      "content_type": 12,
      "object_id": "50",
      "object_repr": "Hot Dogs",
      "action_flag": 3,
      "change_message": ""
    }
  },
  {
    "model": "admin.logentry",
    "pk": 139,
    "fields": {
      "action_time": "2023-10-25T18:29:33.453Z",
      "user": 1,
      "content_type": 12,
      "object_id": "49",
      "object_repr": "Mozzarella Sticks",
      "action_flag": 3,
      "change_message": ""
    }
  },
  {
    "model": "admin.logentry",
    "pk": 140,
    "fields": {
      "action_time": "2023-10-25T18:29:33.456Z",
      "user": 1,
      "content_type": 12,
      "object_id": "48",
      "object_repr": "Pretzels",
      "action_flag": 3,
      "change_message": ""
    }
  },
  {
    "model": "admin.logentry",
    "pk": 141,
    "fields": {
      "action_time": "2023-10-25T18:29:33.459Z",
      "user": 1,
      "content_type": 12,
      "object_id": "47",
      "object_repr": "Jumbo Pickle",
      "action_flag": 3,
      "change_message": ""
    }
  },
  {
    "model": "admin.logentry",
    "pk": 142,
    "fields": {
      "action_time": "2023-10-25T18:29:33.462Z",
      "user": 1,
      "content_type": 12,
      "object_id": "46",
      "object_repr": "Popcorn",
      "action_flag": 3,
      "change_message": ""
    }
  },
  {
    "model": "admin.logentry",
    "pk": 143,
    "fields": {
      "action_time": "2023-10-25T18:29:33.466Z",
      "user": 1,
      "content_type": 12,
      "object_id": "45",
      "object_repr": "Popcorn",
      "action_flag": 3,
      "change_message": ""
    }
  },
  {
    "model": "admin.logentry",
    "pk": 144,
    "fields": {
      "action_time": "2023-10-25T18:29:33.469Z",
      "user": 1,
      "content_type": 12,
      "object_id": "44",
      "object_repr": "Jumbo Pickle",
      "action_flag": 3,
      "change_message": ""
    }
  },
  {
    "model": "admin.logentry",
    "pk": 145,
    "fields": {
      "action_time": "2023-10-25T18:29:33.471Z",
      "user": 1,
      "content_type": 12,
      "object_id": "43",
      "object_repr": "Jumbo Pickle",
      "action_flag": 3,
      "change_message": ""
    }
  },
  {
    "model": "admin.logentry",
    "pk": 146,
    "fields": {
      "action_time": "2023-10-25T18:29:33.474Z",
      "user": 1,
      "content_type": 12,
      "object_id": "42",
      "object_repr": "Mozzarella Sticks",
      "action_flag": 3,
      "change_message": ""
    }
  },
  {
    "model": "admin.logentry",
    "pk": 147,
    "fields": {
      "action_time": "2023-10-25T18:29:33.477Z",
      "user": 1,
      "content_type": 12,
      "object_id": "41",
      "object_repr": "Mozzarella Sticks",
      "action_flag": 3,
      "change_message": ""
    }
  },
  {
    "model": "admin.logentry",
    "pk": 148,
    "fields": {
      "action_time": "2023-10-25T18:29:33.479Z",
      "user": 1,
      "content_type": 12,
      "object_id": "40",
      "object_repr": "Garlic Fries",
      "action_flag": 3,
      "change_message": ""
    }
  },
  {
    "model": "admin.logentry",
    "pk": 149,
    "fields": {
      "action_time": "2023-10-25T18:29:33.482Z",
      "user": 1,
      "content_type": 12,
      "object_id": "39",
      "object_repr": "Garlic Fries",
      "action_flag": 3,
      "change_message": ""
    }
  },
  {
    "model": "admin.logentry",
    "pk": 150,
    "fields": {
      "action_time": "2023-10-25T18:29:33.485Z",
      "user": 1,
      "content_type": 12,
      "object_id": "38",
      "object_repr": "Soft Serve Ice Cream",
      "action_flag": 3,
      "change_message": ""
    }
  },
  {
    "model": "admin.logentry",
    "pk": 151,
    "fields": {
      "action_time": "2023-10-25T18:29:33.488Z",
      "user": 1,
      "content_type": 12,
      "object_id": "37",
      "object_repr": "Soft Serve Ice Cream",
      "action_flag": 3,
      "change_message": ""
    }
  },
  {
    "model": "admin.logentry",
    "pk": 152,
    "fields": {
      "action_time": "2023-10-25T18:29:33.490Z",
      "user": 1,
      "content_type": 12,
      "object_id": "36",
      "object_repr": "Taco",
      "action_flag": 3,
      "change_message": ""
    }
  },
  {
    "model": "admin.logentry",
    "pk": 153,
    "fields": {
      "action_time": "2023-10-25T18:29:33.493Z",
      "user": 1,
      "content_type": 12,
      "object_id": "35",
      "object_repr": "Taco",
      "action_flag": 3,
      "change_message": ""
    }
  },
  {
    "model": "admin.logentry",
    "pk": 154,
    "fields": {
      "action_time": "2023-10-25T18:29:33.496Z",
      "user": 1,
      "content_type": 12,
      "object_id": "34",
      "object_repr": "Hamburger",
      "action_flag": 3,
      "change_message": ""
    }
  },
  {
    "model": "admin.logentry",
    "pk": 155,
    "fields": {
      "action_time": "2023-10-25T18:29:33.500Z",
      "user": 1,
      "content_type": 12,
      "object_id": "33",
      "object_repr": "Hamburger",
      "action_flag": 3,
      "change_message": ""
    }
  },
  {
    "model": "admin.logentry",
    "pk": 156,
    "fields": {
      "action_time": "2023-10-25T18:29:33.503Z",
      "user": 1,
      "content_type": 12,
      "object_id": "32",
      "object_repr": "Sausage Sandwich",
      "action_flag": 3,
      "change_message": ""
    }
  },
  {
    "model": "admin.logentry",
    "pk": 157,
    "fields": {
      "action_time": "2023-10-25T18:29:33.505Z",
      "user": 1,
      "content_type": 12,
      "object_id": "31",
      "object_repr": "Sausage Sandwich",
      "action_flag": 3,
      "change_message": ""
    }
  },
  {
    "model": "admin.logentry",
    "pk": 158,
    "fields": {
      "action_time": "2023-10-25T18:29:33.508Z",
      "user": 1,
      "content_type": 12,
      "object_id": "30",
      "object_repr": "Ice Cream",
      "action_flag": 3,
      "change_message": ""
    }
  },
  {
    "model": "admin.logentry",
    "pk": 159,
    "fields": {
      "action_time": "2023-10-25T18:29:33.511Z",
      "user": 1,
      "content_type": 12,
      "object_id": "29",
      "object_repr": "Ice Cream",
      "action_flag": 3,
      "change_message": ""
    }
  },
  {
    "model": "admin.logentry",
    "pk": 160,
    "fields": {
      "action_time": "2023-10-25T18:29:33.515Z",
      "user": 1,
      "content_type": 12,
      "object_id": "28",
      "object_repr": "Candy Bars",
      "action_flag": 3,
      "change_message": ""
    }
  },
  {
    "model": "admin.logentry",
    "pk": 161,
    "fields": {
      "action_time": "2023-10-25T18:29:33.517Z",
      "user": 1,
      "content_type": 12,
      "object_id": "27",
      "object_repr": "Candy Bars",
      "action_flag": 3,
      "change_message": ""
    }
  },
  {
    "model": "admin.logentry",
    "pk": 162,
    "fields": {
      "action_time": "2023-10-25T18:29:33.520Z",
      "user": 1,
      "content_type": 12,
      "object_id": "26",
      "object_repr": "Caramel Apples",
      "action_flag": 3,
      "change_message": ""
    }
  },
  {
    "model": "admin.logentry",
    "pk": 163,
    "fields": {
      "action_time": "2023-10-25T18:29:33.523Z",
      "user": 1,
      "content_type": 12,
      "object_id": "25",
      "object_repr": "Caramel Apples",
      "action_flag": 3,
      "change_message": ""
    }
  },
  {
    "model": "admin.logentry",
    "pk": 164,
    "fields": {
      "action_time": "2023-10-25T18:29:33.525Z",
      "user": 1,
      "content_type": 12,
      "object_id": "24",
      "object_repr": "Pizza Slices",
      "action_flag": 3,
      "change_message": ""
    }
  },
  {
    "model": "admin.logentry",
    "pk": 165,
    "fields": {
      "action_time": "2023-10-25T18:29:33.528Z",
      "user": 1,
      "content_type": 12,
      "object_id": "23",
      "object_repr": "Pizza Slices",
      "action_flag": 3,
      "change_message": ""
    }
  },
  {
    "model": "admin.logentry",
    "pk": 166,
    "fields": {
      "action_time": "2023-10-25T18:29:33.531Z",
      "user": 1,
      "content_type": 12,
      "object_id": "22",
      "object_repr": "Onion Rings",
      "action_flag": 3,
      "change_message": ""
    }
  },
  {
    "model": "admin.logentry",
    "pk": 167,
    "fields": {
      "action_time": "2023-10-25T18:29:33.535Z",
      "user": 1,
      "content_type": 12,
      "object_id": "21",
      "object_repr": "Onion Rings",
      "action_flag": 3,
      "change_message": ""
    }
  },
  {
    "model": "admin.logentry",
    "pk": 168,
    "fields": {
      "action_time": "2023-10-25T18:29:33.538Z",
      "user": 1,
      "content_type": 12,
      "object_id": "20",
      "object_repr": "Cheese Fries",
      "action_flag": 3,
      "change_message": ""
    }
  },
  {
    "model": "admin.logentry",
    "pk": 169,
    "fields": {
      "action_time": "2023-10-25T18:29:33.541Z",
      "user": 1,
      "content_type": 12,
      "object_id": "19",
      "object_repr": "Cheese Fries",
      "action_flag": 3,
      "change_message": ""
    }
  },
  {
    "model": "admin.logentry",
    "pk": 170,
    "fields": {
      "action_time": "2023-10-25T18:29:33.543Z",
      "user": 1,
      "content_type": 12,
      "object_id": "18",
      "object_repr": "Chicken Tenders",
      "action_flag": 3,
      "change_message": ""
    }
  },
  {
    "model": "admin.logentry",
    "pk": 171,
    "fields": {
      "action_time": "2023-10-25T18:29:33.546Z",
      "user": 1,
      "content_type": 12,
      "object_id": "17",
      "object_repr": "Chicken Tenders",
      "action_flag": 3,
      "change_message": ""
    }
  },
  {
    "model": "admin.logentry",
    "pk": 172,
    "fields": {
      "action_time": "2023-10-25T18:29:33.549Z",
      "user": 1,
      "content_type": 12,
      "object_id": "16",
      "object_repr": "French Fries",
      "action_flag": 3,
      "change_message": ""
    }
  },
  {
    "model": "admin.logentry",
    "pk": 173,
    "fields": {
      "action_time": "2023-10-25T18:29:33.552Z",
      "user": 1,
      "content_type": 12,
      "object_id": "15",
      "object_repr": "French Fries",
      "action_flag": 3,
      "change_message": ""
    }
  },
  {
    "model": "admin.logentry",
    "pk": 174,
    "fields": {
      "action_time": "2023-10-25T18:29:33.555Z",
      "user": 1,
      "content_type": 12,
      "object_id": "14",
      "object_repr": "Churros",
      "action_flag": 3,
      "change_message": ""
    }
  },
  {
    "model": "admin.logentry",
    "pk": 175,
    "fields": {
      "action_time": "2023-10-25T18:29:33.557Z",
      "user": 1,
      "content_type": 12,
      "object_id": "13",
      "object_repr": "Churros",
      "action_flag": 3,
      "change_message": ""
    }
  },
  {
    "model": "admin.logentry",
    "pk": 176,
    "fields": {
      "action_time": "2023-10-25T18:29:33.560Z",
      "user": 1,
      "content_type": 12,
      "object_id": "12",
      "object_repr": "Cotton Candy",
      "action_flag": 3,
      "change_message": ""
    }
  },
  {
    "model": "admin.logentry",
    "pk": 177,
    "fields": {
      "action_time": "2023-10-25T18:29:33.563Z",
      "user": 1,
      "content_type": 12,
      "object_id": "11",
      "object_repr": "Cotton Candy",
      "action_flag": 3,
      "change_message": ""
    }
  },
  {
    "model": "admin.logentry",
    "pk": 178,
    "fields": {
      "action_time": "2023-10-25T18:29:33.566Z",
      "user": 1,
      "content_type": 12,
      "object_id": "10",
      "object_repr": "Soft Pretzel Bites",
      "action_flag": 3,
      "change_message": ""
    }
  },
  {
    "model": "admin.logentry",
    "pk": 179,
    "fields": {
      "action_time": "2023-10-25T18:29:33.569Z",
      "user": 1,
      "content_type": 12,
      "object_id": "9",
      "object_repr": "Soft Pretzel Bites",
      "action_flag": 3,
      "change_message": ""
    }
  },
  {
    "model": "admin.logentry",
    "pk": 180,
    "fields": {
      "action_time": "2023-10-25T18:29:33.572Z",
      "user": 1,
      "content_type": 12,
      "object_id": "8",
      "object_repr": "Nachos",
      "action_flag": 3,
      "change_message": ""
    }
  },
  {
    "model": "admin.logentry",
    "pk": 181,
    "fields": {
      "action_time": "2023-10-25T18:29:33.574Z",
      "user": 1,
      "content_type": 12,
      "object_id": "7",
      "object_repr": "Nachos",
      "action_flag": 3,
      "change_message": ""
    }
  },
  {
    "model": "admin.logentry",
    "pk": 182,
    "fields": {
      "action_time": "2023-10-25T18:29:33.576Z",
      "user": 1,
      "content_type": 12,
      "object_id": "6",
      "object_repr": "Hot Dogs",
      "action_flag": 3,
      "change_message": ""
    }
  },
  {
    "model": "admin.logentry",
    "pk": 183,
    "fields": {
      "action_time": "2023-10-25T18:29:33.579Z",
      "user": 1,
      "content_type": 12,
      "object_id": "5",
      "object_repr": "Hot Dogs",
      "action_flag": 3,
      "change_message": ""
    }
  },
  {
    "model": "admin.logentry",
    "pk": 184,
    "fields": {
      "action_time": "2023-10-25T18:29:33.583Z",
      "user": 1,
      "content_type": 12,
      "object_id": "4",
      "object_repr": "Pretzels",
      "action_flag": 3,
      "change_message": ""
    }
  },
  {
    "model": "admin.logentry",
    "pk": 185,
    "fields": {
      "action_time": "2023-10-25T18:29:33.586Z",
      "user": 1,
      "content_type": 12,
      "object_id": "3",
      "object_repr": "Pretzels",
      "action_flag": 3,
      "change_message": ""
    }
  },
  {
    "model": "admin.logentry",
    "pk": 186,
    "fields": {
      "action_time": "2023-10-25T18:29:33.588Z",
      "user": 1,
      "content_type": 12,
      "object_id": "2",
      "object_repr": "Popcorn",
      "action_flag": 3,
      "change_message": ""
    }
  },
  {
    "model": "admin.logentry",
    "pk": 187,
    "fields": {
      "action_time": "2023-10-25T18:29:33.591Z",
      "user": 1,
      "content_type": 12,
      "object_id": "1",
      "object_repr": "French Fries",
      "action_flag": 3,
      "change_message": ""
    }
  },
  {
    "model": "admin.logentry",
    "pk": 188,
    "fields": {
      "action_time": "2023-10-26T09:21:03.062Z",
      "user": 1,
      "content_type": 12,
      "object_id": "225",
      "object_repr": "Jumbo Pickle",
      "action_flag": 3,
      "change_message": ""
    }
  },
  {
    "model": "admin.logentry",
    "pk": 189,
    "fields": {
      "action_time": "2023-10-26T09:21:03.066Z",
      "user": 1,
      "content_type": 12,
      "object_id": "224",
      "object_repr": "Popcorn",
      "action_flag": 3,
      "change_message": ""
    }
  },
  {
    "model": "admin.logentry",
    "pk": 190,
    "fields": {
      "action_time": "2023-10-26T09:21:03.069Z",
      "user": 1,
      "content_type": 12,
      "object_id": "223",
      "object_repr": "Popcorn",
      "action_flag": 3,
      "change_message": ""
    }
  },
  {
    "model": "admin.logentry",
    "pk": 191,
    "fields": {
      "action_time": "2023-10-26T09:21:03.072Z",
      "user": 1,
      "content_type": 12,
      "object_id": "222",
      "object_repr": "Jumbo Pickle",
      "action_flag": 3,
      "change_message": ""
    }
  },
  {
    "model": "admin.logentry",
    "pk": 192,
    "fields": {
      "action_time": "2023-10-26T09:21:03.075Z",
      "user": 1,
      "content_type": 12,
      "object_id": "221",
      "object_repr": "Pretzels",
      "action_flag": 3,
      "change_message": ""
    }
  },
  {
    "model": "admin.logentry",
    "pk": 193,
    "fields": {
      "action_time": "2023-10-26T09:21:03.077Z",
      "user": 1,
      "content_type": 12,
      "object_id": "220",
      "object_repr": "Mozzarella Sticks",
      "action_flag": 3,
      "change_message": ""
    }
  },
  {
    "model": "admin.logentry",
    "pk": 194,
    "fields": {
      "action_time": "2023-10-26T09:21:03.080Z",
      "user": 1,
      "content_type": 12,
      "object_id": "219",
      "object_repr": "Hot Dogs",
      "action_flag": 3,
      "change_message": ""
    }
  },
  {
    "model": "admin.logentry",
    "pk": 195,
    "fields": {
      "action_time": "2023-10-26T09:21:03.082Z",
      "user": 1,
      "content_type": 12,
      "object_id": "218",
      "object_repr": "Garlic Fries",
      "action_flag": 3,
      "change_message": ""
    }
  },
  {
    "model": "admin.logentry",
    "pk": 196,
    "fields": {
      "action_time": "2023-10-26T09:21:03.085Z",
      "user": 1,
      "content_type": 12,
      "object_id": "217",
      "object_repr": "Nachos",
      "action_flag": 3,
      "change_message": ""
    }
  },
  {
    "model": "admin.logentry",
    "pk": 197,
    "fields": {
      "action_time": "2023-10-26T09:21:03.088Z",
      "user": 1,
      "content_type": 12,
      "object_id": "216",
      "object_repr": "Soft Serve Ice Cream",
      "action_flag": 3,
      "change_message": ""
    }
  },
  {
    "model": "admin.logentry",
    "pk": 198,
    "fields": {
      "action_time": "2023-10-26T09:21:03.091Z",
      "user": 1,
      "content_type": 12,
      "object_id": "215",
      "object_repr": "Soft Pretzel Bites",
      "action_flag": 3,
      "change_message": ""
    }
  },
  {
    "model": "admin.logentry",
    "pk": 199,
    "fields": {
      "action_time": "2023-10-26T09:21:03.093Z",
      "user": 1,
      "content_type": 12,
      "object_id": "214",
      "object_repr": "Taco",
      "action_flag": 3,
      "change_message": ""
    }
  },
  {
    "model": "admin.logentry",
    "pk": 200,
    "fields": {
      "action_time": "2023-10-26T09:21:03.095Z",
      "user": 1,
      "content_type": 12,
      "object_id": "213",
      "object_repr": "Cotton Candy",
      "action_flag": 3,
      "change_message": ""
    }
  },
  {
    "model": "admin.logentry",
    "pk": 201,
    "fields": {
      "action_time": "2023-10-26T09:21:03.098Z",
      "user": 1,
      "content_type": 12,
      "object_id": "212",
      "object_repr": "Hamburger",
      "action_flag": 3,
      "change_message": ""
    }
  },
  {
    "model": "admin.logentry",
    "pk": 202,
    "fields": {
      "action_time": "2023-10-26T09:21:03.101Z",
      "user": 1,
      "content_type": 12,
      "object_id": "211",
      "object_repr": "Churros",
      "action_flag": 3,
      "change_message": ""
    }
  },
  {
    "model": "admin.logentry",
    "pk": 203,
    "fields": {
      "action_time": "2023-10-26T09:21:03.103Z",
      "user": 1,
      "content_type": 12,
      "object_id": "210",
      "object_repr": "Sausage Sandwich",
      "action_flag": 3,
      "change_message": ""
    }
  },
  {
    "model": "admin.logentry",
    "pk": 204,
    "fields": {
      "action_time": "2023-10-26T09:21:03.106Z",
      "user": 1,
      "content_type": 12,
      "object_id": "209",
      "object_repr": "French Fries",
      "action_flag": 3,
      "change_message": ""
    }
  },
  {
    "model": "admin.logentry",
    "pk": 205,
    "fields": {
      "action_time": "2023-10-26T09:21:03.108Z",
      "user": 1,
      "content_type": 12,
      "object_id": "208",
      "object_repr": "Ice Cream",
      "action_flag": 3,
      "change_message": ""
    }
  },
  {
    "model": "admin.logentry",
    "pk": 206,
    "fields": {
      "action_time": "2023-10-26T09:21:03.111Z",
      "user": 1,
      "content_type": 12,
      "object_id": "207",
      "object_repr": "Chicken Tenders",
      "action_flag": 3,
      "change_message": ""
    }
  },
  {
    "model": "admin.logentry",
    "pk": 207,
    "fields": {
      "action_time": "2023-10-26T09:21:03.113Z",
      "user": 1,
      "content_type": 12,
      "object_id": "206",
      "object_repr": "Candy Bars",
      "action_flag": 3,
      "change_message": ""
    }
  },
  {
    "model": "admin.logentry",
    "pk": 208,
    "fields": {
      "action_time": "2023-10-26T09:21:03.116Z",
      "user": 1,
      "content_type": 12,
      "object_id": "205",
      "object_repr": "Cheese Fries",
      "action_flag": 3,
      "change_message": ""
    }
  },
  {
    "model": "admin.logentry",
    "pk": 209,
    "fields": {
      "action_time": "2023-10-26T09:21:03.119Z",
      "user": 1,
      "content_type": 12,
      "object_id": "204",
      "object_repr": "Caramel Apples",
      "action_flag": 3,
      "change_message": ""
    }
  },
  {
    "model": "admin.logentry",
    "pk": 210,
    "fields": {
      "action_time": "2023-10-26T09:21:03.122Z",
      "user": 1,
      "content_type": 12,
      "object_id": "203",
      "object_repr": "Onion Rings",
      "action_flag": 3,
      "change_message": ""
    }
  },
  {
    "model": "admin.logentry",
    "pk": 211,
    "fields": {
      "action_time": "2023-10-26T09:21:03.124Z",
      "user": 1,
      "content_type": 12,
      "object_id": "202",
      "object_repr": "Pizza Slices",
      "action_flag": 3,
      "change_message": ""
    }
  },
  {
    "model": "admin.logentry",
    "pk": 212,
    "fields": {
      "action_time": "2023-10-26T09:21:03.127Z",
      "user": 1,
      "content_type": 12,
      "object_id": "201",
      "object_repr": "Pizza Slices",
      "action_flag": 3,
      "change_message": ""
    }
  },
  {
    "model": "admin.logentry",
    "pk": 213,
    "fields": {
      "action_time": "2023-10-26T09:21:03.130Z",
      "user": 1,
      "content_type": 12,
      "object_id": "200",
      "object_repr": "Onion Rings",
      "action_flag": 3,
      "change_message": ""
    }
  },
  {
    "model": "admin.logentry",
    "pk": 214,
    "fields": {
      "action_time": "2023-10-26T09:21:03.132Z",
      "user": 1,
      "content_type": 12,
      "object_id": "199",
      "object_repr": "Caramel Apples",
      "action_flag": 3,
      "change_message": ""
    }
  },
  {
    "model": "admin.logentry",
    "pk": 215,
    "fields": {
      "action_time": "2023-10-26T09:21:03.136Z",
      "user": 1,
      "content_type": 12,
      "object_id": "198",
      "object_repr": "Cheese Fries",
      "action_flag": 3,
      "change_message": ""
    }
  },
  {
    "model": "admin.logentry",
    "pk": 216,
    "fields": {
      "action_time": "2023-10-26T09:21:03.139Z",
      "user": 1,
      "content_type": 12,
      "object_id": "197",
      "object_repr": "Candy Bars",
      "action_flag": 3,
      "change_message": ""
    }
  },
  {
    "model": "admin.logentry",
    "pk": 217,
    "fields": {
      "action_time": "2023-10-26T09:21:03.141Z",
      "user": 1,
      "content_type": 12,
      "object_id": "196",
      "object_repr": "Chicken Tenders",
      "action_flag": 3,
      "change_message": ""
    }
  },
  {
    "model": "admin.logentry",
    "pk": 218,
    "fields": {
      "action_time": "2023-10-26T09:21:03.144Z",
      "user": 1,
      "content_type": 12,
      "object_id": "195",
      "object_repr": "Ice Cream",
      "action_flag": 3,
      "change_message": ""
    }
  },
  {
    "model": "admin.logentry",
    "pk": 219,
    "fields": {
      "action_time": "2023-10-26T09:21:03.146Z",
      "user": 1,
      "content_type": 12,
      "object_id": "194",
      "object_repr": "French Fries",
      "action_flag": 3,
      "change_message": ""
    }
  },
  {
    "model": "admin.logentry",
    "pk": 220,
    "fields": {
      "action_time": "2023-10-26T09:21:03.149Z",
      "user": 1,
      "content_type": 12,
      "object_id": "193",
      "object_repr": "Sausage Sandwich",
      "action_flag": 3,
      "change_message": ""
    }
  },
  {
    "model": "admin.logentry",
    "pk": 221,
    "fields": {
      "action_time": "2023-10-26T09:21:03.153Z",
      "user": 1,
      "content_type": 12,
      "object_id": "192",
      "object_repr": "Churros",
      "action_flag": 3,
      "change_message": ""
    }
  },
  {
    "model": "admin.logentry",
    "pk": 222,
    "fields": {
      "action_time": "2023-10-26T09:21:03.156Z",
      "user": 1,
      "content_type": 12,
      "object_id": "191",
      "object_repr": "Hamburger",
      "action_flag": 3,
      "change_message": ""
    }
  },
  {
    "model": "admin.logentry",
    "pk": 223,
    "fields": {
      "action_time": "2023-10-26T09:21:03.158Z",
      "user": 1,
      "content_type": 12,
      "object_id": "190",
      "object_repr": "Cotton Candy",
      "action_flag": 3,
      "change_message": ""
    }
  },
  {
    "model": "admin.logentry",
    "pk": 224,
    "fields": {
      "action_time": "2023-10-26T09:21:03.161Z",
      "user": 1,
      "content_type": 12,
      "object_id": "189",
      "object_repr": "Taco",
      "action_flag": 3,
      "change_message": ""
    }
  },
  {
    "model": "admin.logentry",
    "pk": 225,
    "fields": {
      "action_time": "2023-10-26T09:21:03.163Z",
      "user": 1,
      "content_type": 12,
      "object_id": "188",
      "object_repr": "Soft Pretzel Bites",
      "action_flag": 3,
      "change_message": ""
    }
  },
  {
    "model": "admin.logentry",
    "pk": 226,
    "fields": {
      "action_time": "2023-10-26T09:21:03.166Z",
      "user": 1,
      "content_type": 12,
      "object_id": "187",
      "object_repr": "Soft Serve Ice Cream",
      "action_flag": 3,
      "change_message": ""
    }
  },
  {
    "model": "admin.logentry",
    "pk": 227,
    "fields": {
      "action_time": "2023-10-26T09:21:03.170Z",
      "user": 1,
      "content_type": 12,
      "object_id": "186",
      "object_repr": "Nachos",
      "action_flag": 3,
      "change_message": ""
    }
  },
  {
    "model": "admin.logentry",
    "pk": 228,
    "fields": {
      "action_time": "2023-10-26T09:21:03.172Z",
      "user": 1,
      "content_type": 12,
      "object_id": "185",
      "object_repr": "Garlic Fries",
      "action_flag": 3,
      "change_message": ""
    }
  },
  {
    "model": "admin.logentry",
    "pk": 229,
    "fields": {
      "action_time": "2023-10-26T09:21:03.175Z",
      "user": 1,
      "content_type": 12,
      "object_id": "184",
      "object_repr": "Hot Dogs",
      "action_flag": 3,
      "change_message": ""
    }
  },
  {
    "model": "admin.logentry",
    "pk": 230,
    "fields": {
      "action_time": "2023-10-26T09:21:03.178Z",
      "user": 1,
      "content_type": 12,
      "object_id": "183",
      "object_repr": "Mozzarella Sticks",
      "action_flag": 3,
      "change_message": ""
    }
  },
  {
    "model": "admin.logentry",
    "pk": 231,
    "fields": {
      "action_time": "2023-10-26T09:21:03.180Z",
      "user": 1,
      "content_type": 12,
      "object_id": "182",
      "object_repr": "Pretzels",
      "action_flag": 3,
      "change_message": ""
    }
  },
  {
    "model": "admin.logentry",
    "pk": 232,
    "fields": {
      "action_time": "2023-10-26T09:21:03.183Z",
      "user": 1,
      "content_type": 12,
      "object_id": "181",
      "object_repr": "Jumbo Pickle",
      "action_flag": 3,
      "change_message": ""
    }
  },
  {
    "model": "admin.logentry",
    "pk": 233,
    "fields": {
      "action_time": "2023-10-26T09:21:03.186Z",
      "user": 1,
      "content_type": 12,
      "object_id": "180",
      "object_repr": "Popcorn",
      "action_flag": 3,
      "change_message": ""
    }
  },
  {
    "model": "admin.logentry",
    "pk": 234,
    "fields": {
      "action_time": "2023-10-26T09:58:28.542Z",
      "user": 1,
      "content_type": 8,
      "object_id": "13",
      "object_repr": "VIP, Bangalore Stadium",
      "action_flag": 2,
      "change_message": "[{\"changed\": {\"fields\": [\"Sector price\"]}}]"
    }
  },
  {
    "model": "admin.logentry",
    "pk": 235,
    "fields": {
      "action_time": "2023-10-26T09:59:01.305Z",
      "user": 1,
      "content_type": 8,
      "object_id": "12",
      "object_repr": "Premium, Bangalore Stadium",
      "action_flag": 2,
      "change_message": "[{\"changed\": {\"fields\": [\"Sector price\"]}}]"
    }
  },
  {
    "model": "admin.logentry",
    "pk": 236,
    "fields": {
      "action_time": "2023-10-26T09:59:22.400Z",
      "user": 1,
      "content_type": 8,
      "object_id": "11",
      "object_repr": "General, Bangalore Stadium",
      "action_flag": 2,
      "change_message": "[]"
    }
  },
  {
    "model": "admin.logentry",
    "pk": 237,
    "fields": {
      "action_time": "2023-10-26T10:35:53.890Z",
      "user": 1,
      "content_type": 14,
      "object_id": "93",
      "object_repr": "Basketball India vs Pakistan, Vadodara Stadium",
      "action_flag": 3,
      "change_message": ""
    }
  },
  {
    "model": "admin.logentry",
    "pk": 238,
    "fields": {
      "action_time": "2023-10-26T10:35:53.896Z",
      "user": 1,
      "content_type": 14,
      "object_id": "92",
      "object_repr": "Football India vs United States, Vadodara Stadium",
      "action_flag": 3,
      "change_message": ""
    }
  },
  {
    "model": "admin.logentry",
    "pk": 239,
    "fields": {
      "action_time": "2023-10-26T10:35:53.901Z",
      "user": 1,
      "content_type": 14,
      "object_id": "91",
      "object_repr": "Badminton India vs Indonesia, Vadodara Stadium",
      "action_flag": 3,
      "change_message": ""
    }
  },
  {
    "model": "admin.logentry",
    "pk": 240,
    "fields": {
      "action_time": "2023-10-26T10:35:53.904Z",
      "user": 1,
      "content_type": 14,
      "object_id": "90",
      "object_repr": "Cricket India vs England, Vadodara Stadium",
      "action_flag": 3,
      "change_message": ""
    }
  },
  {
    "model": "admin.logentry",
    "pk": 241,
    "fields": {
      "action_time": "2023-10-26T10:35:53.907Z",
      "user": 1,
      "content_type": 14,
      "object_id": "89",
      "object_repr": "Basketball India vs United States, Surat Stadium",
      "action_flag": 3,
      "change_message": ""
    }
  },
  {
    "model": "admin.logentry",
    "pk": 242,
    "fields": {
      "action_time": "2023-10-26T10:35:53.909Z",
      "user": 1,
      "content_type": 14,
      "object_id": "88",
      "object_repr": "Football India vs Indonesia, Surat Stadium",
      "action_flag": 3,
      "change_message": ""
    }
  },
  {
    "model": "admin.logentry",
    "pk": 243,
    "fields": {
      "action_time": "2023-10-26T10:35:53.912Z",
      "user": 1,
      "content_type": 14,
      "object_id": "87",
      "object_repr": "Badminton India vs England, Surat Stadium",
      "action_flag": 3,
      "change_message": ""
    }
  },
  {
    "model": "admin.logentry",
    "pk": 244,
    "fields": {
      "action_time": "2023-10-26T10:35:53.917Z",
      "user": 1,
      "content_type": 14,
      "object_id": "86",
      "object_repr": "Cricket India vs Australia, Surat Stadium",
      "action_flag": 3,
      "change_message": ""
    }
  },
  {
    "model": "admin.logentry",
    "pk": 245,
    "fields": {
      "action_time": "2023-10-26T10:35:53.920Z",
      "user": 1,
      "content_type": 14,
      "object_id": "85",
      "object_repr": "Basketball India vs Indonesia, Rajkot Stadium",
      "action_flag": 3,
      "change_message": ""
    }
  },
  {
    "model": "admin.logentry",
    "pk": 246,
    "fields": {
      "action_time": "2023-10-26T10:35:53.923Z",
      "user": 1,
      "content_type": 14,
      "object_id": "84",
      "object_repr": "Football India vs England, Rajkot Stadium",
      "action_flag": 3,
      "change_message": ""
    }
  },
  {
    "model": "admin.logentry",
    "pk": 247,
    "fields": {
      "action_time": "2023-10-26T10:35:53.927Z",
      "user": 1,
      "content_type": 14,
      "object_id": "83",
      "object_repr": "Badminton India vs Australia, Rajkot Stadium",
      "action_flag": 3,
      "change_message": ""
    }
  },
  {
    "model": "admin.logentry",
    "pk": 248,
    "fields": {
      "action_time": "2023-10-26T10:35:53.932Z",
      "user": 1,
      "content_type": 14,
      "object_id": "82",
      "object_repr": "Cricket India vs Pakistan, Rajkot Stadium",
      "action_flag": 3,
      "change_message": ""
    }
  },
  {
    "model": "admin.logentry",
    "pk": 249,
    "fields": {
      "action_time": "2023-10-26T10:35:53.936Z",
      "user": 1,
      "content_type": 14,
      "object_id": "81",
      "object_repr": "Basketball India vs England, Amritsar Stadium",
      "action_flag": 3,
      "change_message": ""
    }
  },
  {
    "model": "admin.logentry",
    "pk": 250,
    "fields": {
      "action_time": "2023-10-26T10:35:53.939Z",
      "user": 1,
      "content_type": 14,
      "object_id": "80",
      "object_repr": "Football India vs Australia, Amritsar Stadium",
      "action_flag": 3,
      "change_message": ""
    }
  },
  {
    "model": "admin.logentry",
    "pk": 251,
    "fields": {
      "action_time": "2023-10-26T10:35:53.941Z",
      "user": 1,
      "content_type": 14,
      "object_id": "79",
      "object_repr": "Badminton India vs Pakistan, Amritsar Stadium",
      "action_flag": 3,
      "change_message": ""
    }
  },
  {
    "model": "admin.logentry",
    "pk": 252,
    "fields": {
      "action_time": "2023-10-26T10:35:53.944Z",
      "user": 1,
      "content_type": 14,
      "object_id": "78",
      "object_repr": "Cricket India vs United States, Amritsar Stadium",
      "action_flag": 3,
      "change_message": ""
    }
  },
  {
    "model": "admin.logentry",
    "pk": 253,
    "fields": {
      "action_time": "2023-10-26T10:35:53.947Z",
      "user": 1,
      "content_type": 14,
      "object_id": "77",
      "object_repr": "Basketball India vs Australia, Varanasi Stadium",
      "action_flag": 3,
      "change_message": ""
    }
  },
  {
    "model": "admin.logentry",
    "pk": 254,
    "fields": {
      "action_time": "2023-10-26T10:35:53.950Z",
      "user": 1,
      "content_type": 14,
      "object_id": "76",
      "object_repr": "Football India vs Pakistan, Varanasi Stadium",
      "action_flag": 3,
      "change_message": ""
    }
  },
  {
    "model": "admin.logentry",
    "pk": 255,
    "fields": {
      "action_time": "2023-10-26T10:35:53.953Z",
      "user": 1,
      "content_type": 14,
      "object_id": "75",
      "object_repr": "Badminton India vs United States, Varanasi Stadium",
      "action_flag": 3,
      "change_message": ""
    }
  },
  {
    "model": "admin.logentry",
    "pk": 256,
    "fields": {
      "action_time": "2023-10-26T10:35:53.956Z",
      "user": 1,
      "content_type": 14,
      "object_id": "74",
      "object_repr": "Cricket India vs Indonesia, Varanasi Stadium",
      "action_flag": 3,
      "change_message": ""
    }
  },
  {
    "model": "admin.logentry",
    "pk": 257,
    "fields": {
      "action_time": "2023-10-26T10:35:53.959Z",
      "user": 1,
      "content_type": 14,
      "object_id": "73",
      "object_repr": "Basketball India vs Pakistan, Nagpur Stadium",
      "action_flag": 3,
      "change_message": ""
    }
  },
  {
    "model": "admin.logentry",
    "pk": 258,
    "fields": {
      "action_time": "2023-10-26T10:35:53.962Z",
      "user": 1,
      "content_type": 14,
      "object_id": "72",
      "object_repr": "Football India vs United States, Nagpur Stadium",
      "action_flag": 3,
      "change_message": ""
    }
  },
  {
    "model": "admin.logentry",
    "pk": 259,
    "fields": {
      "action_time": "2023-10-26T10:35:53.966Z",
      "user": 1,
      "content_type": 14,
      "object_id": "71",
      "object_repr": "Badminton India vs Indonesia, Nagpur Stadium",
      "action_flag": 3,
      "change_message": ""
    }
  },
  {
    "model": "admin.logentry",
    "pk": 260,
    "fields": {
      "action_time": "2023-10-26T10:35:53.969Z",
      "user": 1,
      "content_type": 14,
      "object_id": "70",
      "object_repr": "Cricket India vs England, Nagpur Stadium",
      "action_flag": 3,
      "change_message": ""
    }
  },
  {
    "model": "admin.logentry",
    "pk": 261,
    "fields": {
      "action_time": "2023-10-26T10:35:53.972Z",
      "user": 1,
      "content_type": 14,
      "object_id": "69",
      "object_repr": "Basketball India vs United States, Agra Stadium",
      "action_flag": 3,
      "change_message": ""
    }
  },
  {
    "model": "admin.logentry",
    "pk": 262,
    "fields": {
      "action_time": "2023-10-26T10:35:53.975Z",
      "user": 1,
      "content_type": 14,
      "object_id": "68",
      "object_repr": "Football India vs Indonesia, Agra Stadium",
      "action_flag": 3,
      "change_message": ""
    }
  },
  {
    "model": "admin.logentry",
    "pk": 263,
    "fields": {
      "action_time": "2023-10-26T10:35:53.977Z",
      "user": 1,
      "content_type": 14,
      "object_id": "67",
      "object_repr": "Badminton India vs England, Agra Stadium",
      "action_flag": 3,
      "change_message": ""
    }
  },
  {
    "model": "admin.logentry",
    "pk": 264,
    "fields": {
      "action_time": "2023-10-26T10:35:53.980Z",
      "user": 1,
      "content_type": 14,
      "object_id": "66",
      "object_repr": "Cricket India vs Australia, Agra Stadium",
      "action_flag": 3,
      "change_message": ""
    }
  },
  {
    "model": "admin.logentry",
    "pk": 265,
    "fields": {
      "action_time": "2023-10-26T10:35:53.985Z",
      "user": 1,
      "content_type": 14,
      "object_id": "65",
      "object_repr": "Basketball India vs Indonesia, Indore Stadium",
      "action_flag": 3,
      "change_message": ""
    }
  },
  {
    "model": "admin.logentry",
    "pk": 266,
    "fields": {
      "action_time": "2023-10-26T10:35:53.988Z",
      "user": 1,
      "content_type": 14,
      "object_id": "64",
      "object_repr": "Football India vs England, Indore Stadium",
      "action_flag": 3,
      "change_message": ""
    }
  },
  {
    "model": "admin.logentry",
    "pk": 267,
    "fields": {
      "action_time": "2023-10-26T10:35:53.996Z",
      "user": 1,
      "content_type": 14,
      "object_id": "63",
      "object_repr": "Badminton India vs Australia, Indore Stadium",
      "action_flag": 3,
      "change_message": ""
    }
  },
  {
    "model": "admin.logentry",
    "pk": 268,
    "fields": {
      "action_time": "2023-10-26T10:35:54.002Z",
      "user": 1,
      "content_type": 14,
      "object_id": "62",
      "object_repr": "Cricket India vs Pakistan, Indore Stadium",
      "action_flag": 3,
      "change_message": ""
    }
  },
  {
    "model": "admin.logentry",
    "pk": 269,
    "fields": {
      "action_time": "2023-10-26T10:35:54.006Z",
      "user": 1,
      "content_type": 14,
      "object_id": "61",
      "object_repr": "Basketball India vs England, Kanpur Stadium",
      "action_flag": 3,
      "change_message": ""
    }
  },
  {
    "model": "admin.logentry",
    "pk": 270,
    "fields": {
      "action_time": "2023-10-26T10:35:54.011Z",
      "user": 1,
      "content_type": 14,
      "object_id": "60",
      "object_repr": "Football India vs Australia, Kanpur Stadium",
      "action_flag": 3,
      "change_message": ""
    }
  },
  {
    "model": "admin.logentry",
    "pk": 271,
    "fields": {
      "action_time": "2023-10-26T10:35:54.015Z",
      "user": 1,
      "content_type": 14,
      "object_id": "59",
      "object_repr": "Badminton India vs Pakistan, Kanpur Stadium",
      "action_flag": 3,
      "change_message": ""
    }
  },
  {
    "model": "admin.logentry",
    "pk": 272,
    "fields": {
      "action_time": "2023-10-26T10:35:54.019Z",
      "user": 1,
      "content_type": 14,
      "object_id": "58",
      "object_repr": "Cricket India vs United States, Kanpur Stadium",
      "action_flag": 3,
      "change_message": ""
    }
  },
  {
    "model": "admin.logentry",
    "pk": 273,
    "fields": {
      "action_time": "2023-10-26T10:35:54.022Z",
      "user": 1,
      "content_type": 14,
      "object_id": "57",
      "object_repr": "Basketball India vs Australia, Chandigarh Stadium",
      "action_flag": 3,
      "change_message": ""
    }
  },
  {
    "model": "admin.logentry",
    "pk": 274,
    "fields": {
      "action_time": "2023-10-26T10:35:54.026Z",
      "user": 1,
      "content_type": 14,
      "object_id": "56",
      "object_repr": "Football India vs Pakistan, Chandigarh Stadium",
      "action_flag": 3,
      "change_message": ""
    }
  },
  {
    "model": "admin.logentry",
    "pk": 275,
    "fields": {
      "action_time": "2023-10-26T10:35:54.029Z",
      "user": 1,
      "content_type": 14,
      "object_id": "55",
      "object_repr": "Badminton India vs United States, Chandigarh Stadium",
      "action_flag": 3,
      "change_message": ""
    }
  },
  {
    "model": "admin.logentry",
    "pk": 276,
    "fields": {
      "action_time": "2023-10-26T10:35:54.033Z",
      "user": 1,
      "content_type": 14,
      "object_id": "54",
      "object_repr": "Cricket India vs Indonesia, Chandigarh Stadium",
      "action_flag": 3,
      "change_message": ""
    }
  },
  {
    "model": "admin.logentry",
    "pk": 277,
    "fields": {
      "action_time": "2023-10-26T10:35:54.036Z",
      "user": 1,
      "content_type": 14,
      "object_id": "53",
      "object_repr": "Basketball India vs Pakistan, Bhopal Stadium",
      "action_flag": 3,
      "change_message": ""
    }
  },
  {
    "model": "admin.logentry",
    "pk": 278,
    "fields": {
      "action_time": "2023-10-26T10:35:54.039Z",
      "user": 1,
      "content_type": 14,
      "object_id": "52",
      "object_repr": "Football India vs United States, Bhopal Stadium",
      "action_flag": 3,
      "change_message": ""
    }
  },
  {
    "model": "admin.logentry",
    "pk": 279,
    "fields": {
      "action_time": "2023-10-26T10:35:54.043Z",
      "user": 1,
      "content_type": 14,
      "object_id": "51",
      "object_repr": "Badminton India vs Indonesia, Bhopal Stadium",
      "action_flag": 3,
      "change_message": ""
    }
  },
  {
    "model": "admin.logentry",
    "pk": 280,
    "fields": {
      "action_time": "2023-10-26T10:35:54.046Z",
      "user": 1,
      "content_type": 14,
      "object_id": "50",
      "object_repr": "Cricket India vs England, Bhopal Stadium",
      "action_flag": 3,
      "change_message": ""
    }
  },
  {
    "model": "admin.logentry",
    "pk": 281,
    "fields": {
      "action_time": "2023-10-26T10:35:54.049Z",
      "user": 1,
      "content_type": 14,
      "object_id": "49",
      "object_repr": "Basketball India vs United States, Patna Stadium",
      "action_flag": 3,
      "change_message": ""
    }
  },
  {
    "model": "admin.logentry",
    "pk": 282,
    "fields": {
      "action_time": "2023-10-26T10:35:54.053Z",
      "user": 1,
      "content_type": 14,
      "object_id": "48",
      "object_repr": "Football India vs Indonesia, Patna Stadium",
      "action_flag": 3,
      "change_message": ""
    }
  },
  {
    "model": "admin.logentry",
    "pk": 283,
    "fields": {
      "action_time": "2023-10-26T10:35:54.056Z",
      "user": 1,
      "content_type": 14,
      "object_id": "47",
      "object_repr": "Badminton India vs England, Patna Stadium",
      "action_flag": 3,
      "change_message": ""
    }
  },
  {
    "model": "admin.logentry",
    "pk": 284,
    "fields": {
      "action_time": "2023-10-26T10:35:54.058Z",
      "user": 1,
      "content_type": 14,
      "object_id": "46",
      "object_repr": "Cricket India vs Australia, Patna Stadium",
      "action_flag": 3,
      "change_message": ""
    }
  },
  {
    "model": "admin.logentry",
    "pk": 285,
    "fields": {
      "action_time": "2023-10-26T10:35:54.061Z",
      "user": 1,
      "content_type": 14,
      "object_id": "45",
      "object_repr": "Basketball India vs Indonesia, Lucknow Stadium",
      "action_flag": 3,
      "change_message": ""
    }
  },
  {
    "model": "admin.logentry",
    "pk": 286,
    "fields": {
      "action_time": "2023-10-26T10:35:54.064Z",
      "user": 1,
      "content_type": 14,
      "object_id": "44",
      "object_repr": "Football India vs England, Lucknow Stadium",
      "action_flag": 3,
      "change_message": ""
    }
  },
  {
    "model": "admin.logentry",
    "pk": 287,
    "fields": {
      "action_time": "2023-10-26T10:35:54.067Z",
      "user": 1,
      "content_type": 14,
      "object_id": "43",
      "object_repr": "Badminton India vs Australia, Lucknow Stadium",
      "action_flag": 3,
      "change_message": ""
    }
  },
  {
    "model": "admin.logentry",
    "pk": 288,
    "fields": {
      "action_time": "2023-10-26T10:35:54.070Z",
      "user": 1,
      "content_type": 14,
      "object_id": "42",
      "object_repr": "Cricket India vs Pakistan, Lucknow Stadium",
      "action_flag": 3,
      "change_message": ""
    }
  },
  {
    "model": "admin.logentry",
    "pk": 289,
    "fields": {
      "action_time": "2023-10-26T10:35:54.073Z",
      "user": 1,
      "content_type": 14,
      "object_id": "41",
      "object_repr": "Basketball India vs England, Jaipur Stadium",
      "action_flag": 3,
      "change_message": ""
    }
  },
  {
    "model": "admin.logentry",
    "pk": 290,
    "fields": {
      "action_time": "2023-10-26T10:35:54.076Z",
      "user": 1,
      "content_type": 14,
      "object_id": "40",
      "object_repr": "Football India vs Australia, Jaipur Stadium",
      "action_flag": 3,
      "change_message": ""
    }
  },
  {
    "model": "admin.logentry",
    "pk": 291,
    "fields": {
      "action_time": "2023-10-26T10:35:54.079Z",
      "user": 1,
      "content_type": 14,
      "object_id": "39",
      "object_repr": "Badminton India vs Pakistan, Jaipur Stadium",
      "action_flag": 3,
      "change_message": ""
    }
  },
  {
    "model": "admin.logentry",
    "pk": 292,
    "fields": {
      "action_time": "2023-10-26T10:35:54.083Z",
      "user": 1,
      "content_type": 14,
      "object_id": "38",
      "object_repr": "Cricket India vs United States, Jaipur Stadium",
      "action_flag": 3,
      "change_message": ""
    }
  },
  {
    "model": "admin.logentry",
    "pk": 293,
    "fields": {
      "action_time": "2023-10-26T10:35:54.086Z",
      "user": 1,
      "content_type": 14,
      "object_id": "37",
      "object_repr": "Basketball India vs Australia, Ahmedabad Stadium",
      "action_flag": 3,
      "change_message": ""
    }
  },
  {
    "model": "admin.logentry",
    "pk": 294,
    "fields": {
      "action_time": "2023-10-26T10:35:54.089Z",
      "user": 1,
      "content_type": 14,
      "object_id": "36",
      "object_repr": "Football India vs Pakistan, Ahmedabad Stadium",
      "action_flag": 3,
      "change_message": ""
    }
  },
  {
    "model": "admin.logentry",
    "pk": 295,
    "fields": {
      "action_time": "2023-10-26T10:35:54.091Z",
      "user": 1,
      "content_type": 14,
      "object_id": "35",
      "object_repr": "Badminton India vs United States, Ahmedabad Stadium",
      "action_flag": 3,
      "change_message": ""
    }
  },
  {
    "model": "admin.logentry",
    "pk": 296,
    "fields": {
      "action_time": "2023-10-26T10:35:54.095Z",
      "user": 1,
      "content_type": 14,
      "object_id": "34",
      "object_repr": "Cricket India vs Indonesia, Ahmedabad Stadium",
      "action_flag": 3,
      "change_message": ""
    }
  },
  {
    "model": "admin.logentry",
    "pk": 297,
    "fields": {
      "action_time": "2023-10-26T10:35:54.098Z",
      "user": 1,
      "content_type": 14,
      "object_id": "33",
      "object_repr": "Basketball India vs Pakistan, Pune Stadium",
      "action_flag": 3,
      "change_message": ""
    }
  },
  {
    "model": "admin.logentry",
    "pk": 298,
    "fields": {
      "action_time": "2023-10-26T10:35:54.101Z",
      "user": 1,
      "content_type": 14,
      "object_id": "32",
      "object_repr": "Football India vs United States, Pune Stadium",
      "action_flag": 3,
      "change_message": ""
    }
  },
  {
    "model": "admin.logentry",
    "pk": 299,
    "fields": {
      "action_time": "2023-10-26T10:35:54.104Z",
      "user": 1,
      "content_type": 14,
      "object_id": "31",
      "object_repr": "Badminton India vs Indonesia, Pune Stadium",
      "action_flag": 3,
      "change_message": ""
    }
  },
  {
    "model": "admin.logentry",
    "pk": 300,
    "fields": {
      "action_time": "2023-10-26T10:35:54.107Z",
      "user": 1,
      "content_type": 14,
      "object_id": "30",
      "object_repr": "Cricket India vs England, Pune Stadium",
      "action_flag": 3,
      "change_message": ""
    }
  },
  {
    "model": "admin.logentry",
    "pk": 301,
    "fields": {
      "action_time": "2023-10-26T10:35:54.110Z",
      "user": 1,
      "content_type": 14,
      "object_id": "29",
      "object_repr": "Basketball India vs United States, Hyderabad Stadium",
      "action_flag": 3,
      "change_message": ""
    }
  },
  {
    "model": "admin.logentry",
    "pk": 302,
    "fields": {
      "action_time": "2023-10-26T10:35:54.113Z",
      "user": 1,
      "content_type": 14,
      "object_id": "28",
      "object_repr": "Football India vs Indonesia, Hyderabad Stadium",
      "action_flag": 3,
      "change_message": ""
    }
  },
  {
    "model": "admin.logentry",
    "pk": 303,
    "fields": {
      "action_time": "2023-10-26T10:35:54.117Z",
      "user": 1,
      "content_type": 14,
      "object_id": "27",
      "object_repr": "Badminton India vs England, Hyderabad Stadium",
      "action_flag": 3,
      "change_message": ""
    }
  },
  {
    "model": "admin.logentry",
    "pk": 304,
    "fields": {
      "action_time": "2023-10-26T10:35:54.120Z",
      "user": 1,
      "content_type": 14,
      "object_id": "26",
      "object_repr": "Cricket India vs Australia, Hyderabad Stadium",
      "action_flag": 3,
      "change_message": ""
    }
  },
  {
    "model": "admin.logentry",
    "pk": 305,
    "fields": {
      "action_time": "2023-10-26T10:35:54.123Z",
      "user": 1,
      "content_type": 14,
      "object_id": "25",
      "object_repr": "Basketball India vs Indonesia, Chennai Stadium",
      "action_flag": 3,
      "change_message": ""
    }
  },
  {
    "model": "admin.logentry",
    "pk": 306,
    "fields": {
      "action_time": "2023-10-26T10:35:54.126Z",
      "user": 1,
      "content_type": 14,
      "object_id": "24",
      "object_repr": "Football India vs England, Chennai Stadium",
      "action_flag": 3,
      "change_message": ""
    }
  },
  {
    "model": "admin.logentry",
    "pk": 307,
    "fields": {
      "action_time": "2023-10-26T10:35:54.129Z",
      "user": 1,
      "content_type": 14,
      "object_id": "23",
      "object_repr": "Badminton India vs Australia, Chennai Stadium",
      "action_flag": 3,
      "change_message": ""
    }
  },
  {
    "model": "admin.logentry",
    "pk": 308,
    "fields": {
      "action_time": "2023-10-26T10:35:54.133Z",
      "user": 1,
      "content_type": 14,
      "object_id": "22",
      "object_repr": "Cricket India vs Pakistan, Chennai Stadium",
      "action_flag": 3,
      "change_message": ""
    }
  },
  {
    "model": "admin.logentry",
    "pk": 309,
    "fields": {
      "action_time": "2023-10-26T10:35:54.136Z",
      "user": 1,
      "content_type": 14,
      "object_id": "21",
      "object_repr": "Basketball India vs England, Kolkata Stadium",
      "action_flag": 3,
      "change_message": ""
    }
  },
  {
    "model": "admin.logentry",
    "pk": 310,
    "fields": {
      "action_time": "2023-10-26T10:35:54.139Z",
      "user": 1,
      "content_type": 14,
      "object_id": "20",
      "object_repr": "Football India vs Australia, Kolkata Stadium",
      "action_flag": 3,
      "change_message": ""
    }
  },
  {
    "model": "admin.logentry",
    "pk": 311,
    "fields": {
      "action_time": "2023-10-26T10:35:54.141Z",
      "user": 1,
      "content_type": 14,
      "object_id": "19",
      "object_repr": "Badminton India vs Pakistan, Kolkata Stadium",
      "action_flag": 3,
      "change_message": ""
    }
  },
  {
    "model": "admin.logentry",
    "pk": 312,
    "fields": {
      "action_time": "2023-10-26T10:35:54.144Z",
      "user": 1,
      "content_type": 14,
      "object_id": "18",
      "object_repr": "Cricket India vs United States, Kolkata Stadium",
      "action_flag": 3,
      "change_message": ""
    }
  },
  {
    "model": "admin.logentry",
    "pk": 313,
    "fields": {
      "action_time": "2023-10-26T10:35:54.148Z",
      "user": 1,
      "content_type": 14,
      "object_id": "17",
      "object_repr": "Basketball India vs Australia, Bangalore Stadium",
      "action_flag": 3,
      "change_message": ""
    }
  },
  {
    "model": "admin.logentry",
    "pk": 314,
    "fields": {
      "action_time": "2023-10-26T10:35:54.152Z",
      "user": 1,
      "content_type": 14,
      "object_id": "16",
      "object_repr": "Football India vs Pakistan, Bangalore Stadium",
      "action_flag": 3,
      "change_message": ""
    }
  },
  {
    "model": "admin.logentry",
    "pk": 315,
    "fields": {
      "action_time": "2023-10-26T10:35:54.154Z",
      "user": 1,
      "content_type": 14,
      "object_id": "15",
      "object_repr": "Badminton India vs United States, Bangalore Stadium",
      "action_flag": 3,
      "change_message": ""
    }
  },
  {
    "model": "admin.logentry",
    "pk": 316,
    "fields": {
      "action_time": "2023-10-26T10:35:54.157Z",
      "user": 1,
      "content_type": 14,
      "object_id": "14",
      "object_repr": "Cricket India vs Indonesia, Bangalore Stadium",
      "action_flag": 3,
      "change_message": ""
    }
  },
  {
    "model": "admin.logentry",
    "pk": 317,
    "fields": {
      "action_time": "2023-10-26T10:35:54.160Z",
      "user": 1,
      "content_type": 14,
      "object_id": "13",
      "object_repr": "Basketball India vs Pakistan, Delhi Stadium",
      "action_flag": 3,
      "change_message": ""
    }
  },
  {
    "model": "admin.logentry",
    "pk": 318,
    "fields": {
      "action_time": "2023-10-26T10:35:54.164Z",
      "user": 1,
      "content_type": 14,
      "object_id": "12",
      "object_repr": "Football India vs United States, Delhi Stadium",
      "action_flag": 3,
      "change_message": ""
    }
  },
  {
    "model": "admin.logentry",
    "pk": 319,
    "fields": {
      "action_time": "2023-10-26T10:35:54.168Z",
      "user": 1,
      "content_type": 14,
      "object_id": "11",
      "object_repr": "Badminton India vs Indonesia, Delhi Stadium",
      "action_flag": 3,
      "change_message": ""
    }
  },
  {
    "model": "admin.logentry",
    "pk": 320,
    "fields": {
      "action_time": "2023-10-26T10:35:54.172Z",
      "user": 1,
      "content_type": 14,
      "object_id": "10",
      "object_repr": "Cricket India vs England, Delhi Stadium",
      "action_flag": 3,
      "change_message": ""
    }
  },
  {
    "model": "admin.logentry",
    "pk": 321,
    "fields": {
      "action_time": "2023-10-26T10:35:54.175Z",
      "user": 1,
      "content_type": 14,
      "object_id": "9",
      "object_repr": "Basketball India vs United States, Mumbai Stadium",
      "action_flag": 3,
      "change_message": ""
    }
  },
  {
    "model": "admin.logentry",
    "pk": 322,
    "fields": {
      "action_time": "2023-10-26T10:35:54.177Z",
      "user": 1,
      "content_type": 14,
      "object_id": "8",
      "object_repr": "Football India vs Indonesia, Mumbai Stadium",
      "action_flag": 3,
      "change_message": ""
    }
  },
  {
    "model": "admin.logentry",
    "pk": 323,
    "fields": {
      "action_time": "2023-10-26T10:35:54.180Z",
      "user": 1,
      "content_type": 14,
      "object_id": "7",
      "object_repr": "Badminton India vs England, Mumbai Stadium",
      "action_flag": 3,
      "change_message": ""
    }
  },
  {
    "model": "admin.logentry",
    "pk": 324,
    "fields": {
      "action_time": "2023-10-26T10:35:54.184Z",
      "user": 1,
      "content_type": 14,
      "object_id": "6",
      "object_repr": "Cricket India vs Australia, Mumbai Stadium",
      "action_flag": 3,
      "change_message": ""
    }
  },
  {
    "model": "admin.logentry",
    "pk": 325,
    "fields": {
      "action_time": "2023-10-26T10:35:54.187Z",
      "user": 1,
      "content_type": 14,
      "object_id": "5",
      "object_repr": "Basketball India vs Indonesia, Chinnaswamy Stadium",
      "action_flag": 3,
      "change_message": ""
    }
  },
  {
    "model": "admin.logentry",
    "pk": 326,
    "fields": {
      "action_time": "2023-10-26T10:35:54.190Z",
      "user": 1,
      "content_type": 14,
      "object_id": "4",
      "object_repr": "Football India vs England, Chinnaswamy Stadium",
      "action_flag": 3,
      "change_message": ""
    }
  },
  {
    "model": "admin.logentry",
    "pk": 327,
    "fields": {
      "action_time": "2023-10-26T10:35:54.193Z",
      "user": 1,
      "content_type": 14,
      "object_id": "3",
      "object_repr": "Badminton India vs Australia, Chinnaswamy Stadium",
      "action_flag": 3,
      "change_message": ""
    }
  },
  {
    "model": "admin.logentry",
    "pk": 328,
    "fields": {
      "action_time": "2023-10-26T10:35:54.196Z",
      "user": 1,
      "content_type": 14,
      "object_id": "2",
      "object_repr": "Cricket India vs Pakistan, Chinnaswamy Stadium",
      "action_flag": 3,
      "change_message": ""
    }
  },
  {
    "model": "admin.logentry",
    "pk": 329,
    "fields": {
      "action_time": "2023-10-26T10:35:54.200Z",
      "user": 1,
      "content_type": 14,
      "object_id": "1",
      "object_repr": "IPL Final, Chinnaswamy Stadium",
      "action_flag": 3,
      "change_message": ""
    }
  },
  {
    "model": "auth.permission",
    "pk": 1,
    "fields": {
      "name": "Can add log entry",
      "content_type": 1,
      "codename": "add_logentry"
    }
  },
  {
    "model": "auth.permission",
    "pk": 2,
    "fields": {
      "name": "Can change log entry",
      "content_type": 1,
      "codename": "change_logentry"
    }
  },
  {
    "model": "auth.permission",
    "pk": 3,
    "fields": {
      "name": "Can delete log entry",
      "content_type": 1,
      "codename": "delete_logentry"
    }
  },
  {
    "model": "auth.permission",
    "pk": 4,
    "fields": {
      "name": "Can view log entry",
      "content_type": 1,
      "codename": "view_logentry"
    }
  },
  {
    "model": "auth.permission",
    "pk": 5,
    "fields": {
      "name": "Can add permission",
      "content_type": 2,
      "codename": "add_permission"
    }
  },
  {
    "model": "auth.permission",
    "pk": 6,
    "fields": {
      "name": "Can change permission",
      "content_type": 2,
      "codename": "change_permission"
    }
  },
  {
    "model": "auth.permission",
    "pk": 7,
    "fields": {
      "name": "Can delete permission",
      "content_type": 2,
      "codename": "delete_permission"
    }
  },
  {
    "model": "auth.permission",
    "pk": 8,
    "fields": {
      "name": "Can view permission",
      "content_type": 2,
      "codename": "view_permission"
    }
  },
  {
    "model": "auth.permission",
    "pk": 9,
    "fields": {
      "name": "Can add group",
      "content_type": 3,
      "codename": "add_group"
    }
  },
  {
    "model": "auth.permission",
    "pk": 10,
    "fields": {
      "name": "Can change group",
      "content_type": 3,
      "codename": "change_group"
    }
  },
  {
    "model": "auth.permission",
    "pk": 11,
    "fields": {
      "name": "Can delete group",
      "content_type": 3,
      "codename": "delete_group"
    }
  },
  {
    "model": "auth.permission",
    "pk": 12,
    "fields": {
      "name": "Can view group",
      "content_type": 3,
      "codename": "view_group"
    }
  },
  {
    "model": "auth.permission",
    "pk": 13,
    "fields": {
      "name": "Can add user",
      "content_type": 4,
      "codename": "add_user"
    }
  },
  {
    "model": "auth.permission",
    "pk": 14,
    "fields": {
      "name": "Can change user",
      "content_type": 4,
      "codename": "change_user"
    }
  },
  {
    "model": "auth.permission",
    "pk": 15,
    "fields": {
      "name": "Can delete user",
      "content_type": 4,
      "codename": "delete_user"
    }
  },
  {
    "model": "auth.permission",
    "pk": 16,
    "fields": {
      "name": "Can view user",
      "content_type": 4,
      "codename": "view_user"
    }
  },
  {
    "model": "auth.permission",
    "pk": 17,
    "fields": {
      "name": "Can add content type",
      "content_type": 5,
      "codename": "add_contenttype"
    }
  },
  {
    "model": "auth.permission",
    "pk": 18,
    "fields": {
      "name": "Can change content type",
      "content_type": 5,
      "codename": "change_contenttype"
    }
  },
  {
    "model": "auth.permission",
    "pk": 19,
    "fields": {
      "name": "Can delete content type",
      "content_type": 5,
      "codename": "delete_contenttype"
    }
  },
  {
    "model": "auth.permission",
    "pk": 20,
    "fields": {
      "name": "Can view content type",
      "content_type": 5,
      "codename": "view_contenttype"
    }
  },
  {
    "model": "auth.permission",
    "pk": 21,
    "fields": {
      "name": "Can add session",
      "content_type": 6,
      "codename": "add_session"
    }
  },
  {
    "model": "auth.permission",
    "pk": 22,
    "fields": {
      "name": "Can change session",
      "content_type": 6,
      "codename": "change_session"
    }
  },
  {
    "model": "auth.permission",
    "pk": 23,
    "fields": {
      "name": "Can delete session",
      "content_type": 6,
      "codename": "delete_session"
    }
  },
  {
    "model": "auth.permission",
    "pk": 24,
    "fields": {
      "name": "Can view session",
      "content_type": 6,
      "codename": "view_session"
    }
  },
  {
    "model": "auth.permission",
    "pk": 25,
    "fields": {
      "name": "Can add booking",
      "content_type": 7,
      "codename": "add_booking"
    }
  },
  {
    "model": "auth.permission",
    "pk": 26,
    "fields": {
      "name": "Can change booking",
      "content_type": 7,
      "codename": "change_booking"
    }
  },
  {
    "model": "auth.permission",
    "pk": 27,
    "fields": {
      "name": "Can delete booking",
      "content_type": 7,
      "codename": "delete_booking"
    }
  },
  {
    "model": "auth.permission",
    "pk": 28,
    "fields": {
      "name": "Can view booking",
      "content_type": 7,
      "codename": "view_booking"
    }
  },
  {
    "model": "auth.permission",
    "pk": 29,
    "fields": {
      "name": "Can add sector",
      "content_type": 8,
      "codename": "add_sector"
    }
  },
  {
    "model": "auth.permission",
    "pk": 30,
    "fields": {
      "name": "Can change sector",
      "content_type": 8,
      "codename": "change_sector"
    }
  },
  {
    "model": "auth.permission",
    "pk": 31,
    "fields": {
      "name": "Can delete sector",
      "content_type": 8,
      "codename": "delete_sector"
    }
  },
  {
    "model": "auth.permission",
    "pk": 32,
    "fields": {
      "name": "Can view sector",
      "content_type": 8,
      "codename": "view_sector"
    }
  },
  {
    "model": "auth.permission",
    "pk": 33,
    "fields": {
      "name": "Can add stadium",
      "content_type": 9,
      "codename": "add_stadium"
    }
  },
  {
    "model": "auth.permission",
    "pk": 34,
    "fields": {
      "name": "Can change stadium",
      "content_type": 9,
      "codename": "change_stadium"
    }
  },
  {
    "model": "auth.permission",
    "pk": 35,
    "fields": {
      "name": "Can delete stadium",
      "content_type": 9,
      "codename": "delete_stadium"
    }
  },
  {
    "model": "auth.permission",
    "pk": 36,
    "fields": {
      "name": "Can view stadium",
      "content_type": 9,
      "codename": "view_stadium"
    }
  },
  {
    "model": "auth.permission",
    "pk": 37,
    "fields": {
      "name": "Can add user",
      "content_type": 10,
      "codename": "add_user"
    }
  },
  {
    "model": "auth.permission",
    "pk": 38,
    "fields": {
      "name": "Can change user",
      "content_type": 10,
      "codename": "change_user"
    }
  },
  {
    "model": "auth.permission",
    "pk": 39,
    "fields": {
      "name": "Can delete user",
      "content_type": 10,
      "codename": "delete_user"
    }
  },
  {
    "model": "auth.permission",
    "pk": 40,
    "fields": {
      "name": "Can view user",
      "content_type": 10,
      "codename": "view_user"
    }
  },
  {
    "model": "auth.permission",
    "pk": 41,
    "fields": {
      "name": "Can add ticket",
      "content_type": 11,
      "codename": "add_ticket"
    }
  },
  {
    "model": "auth.permission",
    "pk": 42,
    "fields": {
      "name": "Can change ticket",
      "content_type": 11,
      "codename": "change_ticket"
    }
  },
  {
    "model": "auth.permission",
    "pk": 43,
    "fields": {
      "name": "Can delete ticket",
      "content_type": 11,
      "codename": "delete_ticket"
    }
  },
  {
    "model": "auth.permission",
    "pk": 44,
    "fields": {
      "name": "Can view ticket",
      "content_type": 11,
      "codename": "view_ticket"
    }
  },
  {
    "model": "auth.permission",
    "pk": 45,
    "fields": {
      "name": "Can add food item",
      "content_type": 12,
      "codename": "add_fooditem"
    }
  },
  {
    "model": "auth.permission",
    "pk": 46,
    "fields": {
      "name": "Can change food item",
      "content_type": 12,
      "codename": "change_fooditem"
    }
  },
  {
    "model": "auth.permission",
    "pk": 47,
    "fields": {
      "name": "Can delete food item",
      "content_type": 12,
      "codename": "delete_fooditem"
    }
  },
  {
    "model": "auth.permission",
    "pk": 48,
    "fields": {
      "name": "Can view food item",
      "content_type": 12,
      "codename": "view_fooditem"
    }
  },
  {
    "model": "auth.permission",
    "pk": 49,
    "fields": {
      "name": "Can add food coupon",
      "content_type": 13,
      "codename": "add_foodcoupon"
    }
  },
  {
    "model": "auth.permission",
    "pk": 50,
    "fields": {
      "name": "Can change food coupon",
      "content_type": 13,
      "codename": "change_foodcoupon"
    }
  },
  {
    "model": "auth.permission",
    "pk": 51,
    "fields": {
      "name": "Can delete food coupon",
      "content_type": 13,
      "codename": "delete_foodcoupon"
    }
  },
  {
    "model": "auth.permission",
    "pk": 52,
    "fields": {
      "name": "Can view food coupon",
      "content_type": 13,
      "codename": "view_foodcoupon"
    }
  },
  {
    "model": "auth.permission",
    "pk": 53,
    "fields": {
      "name": "Can add event",
      "content_type": 14,
      "codename": "add_event"
    }
  },
  {
    "model": "auth.permission",
    "pk": 54,
    "fields": {
      "name": "Can change event",
      "content_type": 14,
      "codename": "change_event"
    }
  },
  {
    "model": "auth.permission",
    "pk": 55,
    "fields": {
      "name": "Can delete event",
      "content_type": 14,
      "codename": "delete_event"
    }
  },
  {
    "model": "auth.permission",
    "pk": 56,
    "fields": {
      "name": "Can view event",
      "content_type": 14,
      "codename": "view_event"
    }
  },
  {
    "model": "auth.user",
    "pk": 1,
    "fields": {
      "password": "pbkdf2_sha256$600000$zrLQbaZOrgM9IbvfBvqtcc$JR9OCG6M8Sf9COCu0HDWA97SR/We0HW8S1Vi8QzHX5k=",
      "last_login": "2023-10-25T17:04:07.336Z",
      "is_superuser": true,
      "username": "admin",
      "first_name": "",
      "last_name": "",
      "email": "",
      "is_staff": true,
      "is_active": true,
      "date_joined": "2023-10-25T07:59:01.798Z",
      "groups": [],
      "user_permissions": []
    }
  },
  {
    "model": "contenttypes.contenttype",
    "pk": 1,
    "fields": { "app_label": "admin", "model": "logentry" }
  },
  {
    "model": "contenttypes.contenttype",
    "pk": 2,
    "fields": { "app_label": "auth", "model": "permission" }
  },
  {
    "model": "contenttypes.contenttype",
    "pk": 3,
    "fields": { "app_label": "auth", "model": "group" }
  },
  {
    "model": "contenttypes.contenttype",
    "pk": 4,
    "fields": { "app_label": "auth", "model": "user" }
  },
  {
    "model": "contenttypes.contenttype",
    "pk": 5,
    "fields": { "app_label": "contenttypes", "model": "contenttype" }
  },
  {
    "model": "contenttypes.contenttype",
    "pk": 6,
    "fields": { "app_label": "sessions", "model": "session" }
  },
  {
    "model": "contenttypes.contenttype",
    "pk": 7,
    "fields": { "app_label": "stadium", "model": "booking" }
  },
  {
    "model": "contenttypes.contenttype",
    "pk": 8,
    "fields": { "app_label": "stadium", "model": "sector" }
  },
  {
    "model": "contenttypes.contenttype",
    "pk": 9,
    "fields": { "app_label": "stadium", "model": "stadium" }
  },
  {
    "model": "contenttypes.contenttype",
    "pk": 10,
    "fields": { "app_label": "stadium", "model": "user" }
  },
  {
    "model": "contenttypes.contenttype",
    "pk": 11,
    "fields": { "app_label": "stadium", "model": "ticket" }
  },
  {
    "model": "contenttypes.contenttype",
    "pk": 12,
    "fields": { "app_label": "stadium", "model": "fooditem" }
  },
  {
    "model": "contenttypes.contenttype",
    "pk": 13,
    "fields": { "app_label": "stadium", "model": "foodcoupon" }
  },
  {
    "model": "contenttypes.contenttype",
    "pk": 14,
    "fields": { "app_label": "stadium", "model": "event" }
  },
  {
    "model": "sessions.session",
    "pk": "8mmhbkvctsnyes2fj7gmowh3vlogoeap",
    "fields": {
      "session_data": ".eJxVjM0OwiAQhN-FsyEsFFg9evcZCD-LVA0kpT0Z312a9KBzm_lm5s2c39bitk6LmxO7MGCn3yz4-KS6g_Tw9d54bHVd5sD3Cj9o57eW6HU9un8Hxfcy1gaTlkMEEDCLbBECyHMmgVKRkULaqBVEG1GjMtYP66egpyyF0QDs8wW2HTZ4:1qvYnM:m7S5fd0d6uMtW6C-Bnb7oXdHM1vvBVC7Jt1Hq_dApKA",
      "expire_date": "2023-11-08T07:59:16.106Z"
    }
  },
  {
    "model": "sessions.session",
    "pk": "jqxgw6rvs1b6q1042sulfjohcyvrrceq",
    "fields": {
      "session_data": ".eJxVjM0OwiAQhN-FsyEsFFg9evcZCD-LVA0kpT0Z312a9KBzm_lm5s2c39bitk6LmxO7MGCn3yz4-KS6g_Tw9d54bHVd5sD3Cj9o57eW6HU9un8Hxfcy1gaTlkMEEDCLbBECyHMmgVKRkULaqBVEG1GjMtYP66egpyyF0QDs8wW2HTZ4:1qvhId:A2jflK0jyKbiB2c-ReMHTjCUBFUobq3eHAxwYTumBOI",
      "expire_date": "2023-11-08T17:04:07.340Z"
    }
  },
  {
    "model": "stadium.user",
    "pk": 1,
    "fields": {
      "first_name": "User",
      "last_name": null,
      "username": "username",
      "user_password": "password",
      "email": "email@email.com",
      "mobile_number": "1234567890",
      "dob": "2023-10-25",
      "gender": "M",
      "pincode": null,
      "city": null,
      "state": null
    }
  },
  {
    "model": "stadium.stadium",
    "pk": 1,
    "fields": {
      "stadium_name": "Chinnaswamy Stadium",
      "location": "Bengaluru, Karnataka",
      "coordinates": null,
      "capacity": 5000,
      "city": "Bengaluru"
    }
  },
  {
    "model": "stadium.stadium",
    "pk": 2,
    "fields": {
      "stadium_name": "Mumbai Stadium",
      "location": "Edwards Flat",
      "coordinates": "28.8315645, 42.764252",
      "capacity": 21713,
      "city": "Mumbai"
    }
  },
  {
    "model": "stadium.stadium",
    "pk": 3,
    "fields": {
      "stadium_name": "Delhi Stadium",
      "location": "Thomas Ports",
      "coordinates": "85.519594, -178.974016",
      "capacity": 55638,
      "city": "Delhi"
    }
  },
  {
    "model": "stadium.stadium",
    "pk": 4,
    "fields": {
      "stadium_name": "Bangalore Stadium",
      "location": "Heather Valleys",
      "coordinates": "47.371242, 130.816413",
      "capacity": 54103,
      "city": "Bangalore"
    }
  },
  {
    "model": "stadium.stadium",
    "pk": 5,
    "fields": {
      "stadium_name": "Kolkata Stadium",
      "location": "Allen Motorway",
      "coordinates": "30.2706805, 154.367737",
      "capacity": 73752,
      "city": "Kolkata"
    }
  },
  {
    "model": "stadium.stadium",
    "pk": 6,
    "fields": {
      "stadium_name": "Chennai Stadium",
      "location": "Lisa Lock",
      "coordinates": "-75.3939345, -23.908955",
      "capacity": 72256,
      "city": "Chennai"
    }
  },
  {
    "model": "stadium.stadium",
    "pk": 7,
    "fields": {
      "stadium_name": "Hyderabad Stadium",
      "location": "Benitez Harbors",
      "coordinates": "-17.2303735, -64.455814",
      "capacity": 49552,
      "city": "Hyderabad"
    }
  },
  {
    "model": "stadium.stadium",
    "pk": 8,
    "fields": {
      "stadium_name": "Pune Stadium",
      "location": "Amanda Mount",
      "coordinates": "-77.059517, -77.448102",
      "capacity": 73271,
      "city": "Pune"
    }
  },
  {
    "model": "stadium.stadium",
    "pk": 9,
    "fields": {
      "stadium_name": "Ahmedabad Stadium",
      "location": "Riley Meadow",
      "coordinates": "70.597869, 133.007207",
      "capacity": 66344,
      "city": "Ahmedabad"
    }
  },
  {
    "model": "stadium.stadium",
    "pk": 10,
    "fields": {
      "stadium_name": "Jaipur Stadium",
      "location": "Pratt Mountain",
      "coordinates": "5.869634, 37.039404",
      "capacity": 59016,
      "city": "Jaipur"
    }
  },
  {
    "model": "stadium.stadium",
    "pk": 11,
    "fields": {
      "stadium_name": "Lucknow Stadium",
      "location": "Allen Prairie",
      "coordinates": "25.4913985, 134.465671",
      "capacity": 77076,
      "city": "Lucknow"
    }
  },
  {
    "model": "stadium.stadium",
    "pk": 12,
    "fields": {
      "stadium_name": "Patna Stadium",
      "location": "Kelly Mission",
      "coordinates": "6.291834, -13.422268",
      "capacity": 64051,
      "city": "Patna"
    }
  },
  {
    "model": "stadium.stadium",
    "pk": 13,
    "fields": {
      "stadium_name": "Bhopal Stadium",
      "location": "Walker Gardens",
      "coordinates": "-34.407727, 92.098137",
      "capacity": 57741,
      "city": "Bhopal"
    }
  },
  {
    "model": "stadium.stadium",
    "pk": 14,
    "fields": {
      "stadium_name": "Chandigarh Stadium",
      "location": "Gonzalez Ramp",
      "coordinates": "-41.951599, -178.871726",
      "capacity": 45688,
      "city": "Chandigarh"
    }
  },
  {
    "model": "stadium.stadium",
    "pk": 15,
    "fields": {
      "stadium_name": "Kanpur Stadium",
      "location": "Esparza Burg",
      "coordinates": "-48.9238445, 56.199773",
      "capacity": 74649,
      "city": "Kanpur"
    }
  },
  {
    "model": "stadium.stadium",
    "pk": 16,
    "fields": {
      "stadium_name": "Indore Stadium",
      "location": "Melendez Row",
      "coordinates": "71.219600, -16.674074",
      "capacity": 33052,
      "city": "Indore"
    }
  },
  {
    "model": "stadium.stadium",
    "pk": 17,
    "fields": {
      "stadium_name": "Agra Stadium",
      "location": "Joseph Burgs",
      "coordinates": "0.291099, 174.111035",
      "capacity": 58553,
      "city": "Agra"
    }
  },
  {
    "model": "stadium.stadium",
    "pk": 18,
    "fields": {
      "stadium_name": "Nagpur Stadium",
      "location": "Hudson Run",
      "coordinates": "-69.3269935, 160.003617",
      "capacity": 65097,
      "city": "Nagpur"
    }
  },
  {
    "model": "stadium.stadium",
    "pk": 19,
    "fields": {
      "stadium_name": "Varanasi Stadium",
      "location": "Jordan Tunnel",
      "coordinates": "61.681319, -159.861565",
      "capacity": 75375,
      "city": "Varanasi"
    }
  },
  {
    "model": "stadium.stadium",
    "pk": 20,
    "fields": {
      "stadium_name": "Amritsar Stadium",
      "location": "Sherri Rapid",
      "coordinates": "24.8927595, -129.760350",
      "capacity": 61193,
      "city": "Amritsar"
    }
  },
  {
    "model": "stadium.stadium",
    "pk": 21,
    "fields": {
      "stadium_name": "Rajkot Stadium",
      "location": "Davis Glens",
      "coordinates": "39.813663, -48.339446",
      "capacity": 59383,
      "city": "Rajkot"
    }
  },
  {
    "model": "stadium.stadium",
    "pk": 22,
    "fields": {
      "stadium_name": "Surat Stadium",
      "location": "Miller Walk",
      "coordinates": "-58.6391565, 142.824047",
      "capacity": 55821,
      "city": "Surat"
    }
  },
  {
    "model": "stadium.stadium",
    "pk": 23,
    "fields": {
      "stadium_name": "Vadodara Stadium",
      "location": "Jennifer Crest",
      "coordinates": "-65.536308, -89.237839",
      "capacity": 44474,
      "city": "Vadodara"
    }
  },
  {
    "model": "stadium.event",
    "pk": 94,
    "fields": {
      "stadium": 1,
      "event_name": "Cricket India vs Pakistan",
      "date_time": "2024-04-08T19:42:00Z",
      "event_description": null
    }
  },
  {
    "model": "stadium.event",
    "pk": 95,
    "fields": {
      "stadium": 1,
      "event_name": "Badminton India vs Australia",
      "date_time": "2024-10-14T10:43:00Z",
      "event_description": null
    }
  },
  {
    "model": "stadium.event",
    "pk": 96,
    "fields": {
      "stadium": 1,
      "event_name": "Football India vs England",
      "date_time": "2024-10-16T11:40:00Z",
      "event_description": null
    }
  },
  {
    "model": "stadium.event",
    "pk": 97,
    "fields": {
      "stadium": 1,
      "event_name": "Basketball India vs Indonesia",
      "date_time": "2024-01-03T17:29:00Z",
      "event_description": null
    }
  },
  {
    "model": "stadium.event",
    "pk": 98,
    "fields": {
      "stadium": 2,
      "event_name": "Cricket India vs Australia",
      "date_time": "2024-09-09T05:56:00Z",
      "event_description": null
    }
  },
  {
    "model": "stadium.event",
    "pk": 99,
    "fields": {
      "stadium": 2,
      "event_name": "Badminton India vs England",
      "date_time": "2024-05-19T14:45:00Z",
      "event_description": null
    }
  },
  {
    "model": "stadium.event",
    "pk": 100,
    "fields": {
      "stadium": 2,
      "event_name": "Football India vs Indonesia",
      "date_time": "2024-11-04T22:09:00Z",
      "event_description": null
    }
  },
  {
    "model": "stadium.event",
    "pk": 101,
    "fields": {
      "stadium": 2,
      "event_name": "Basketball India vs United States",
      "date_time": "2024-10-09T10:32:00Z",
      "event_description": null
    }
  },
  {
    "model": "stadium.event",
    "pk": 102,
    "fields": {
      "stadium": 3,
      "event_name": "Cricket India vs England",
      "date_time": "2024-10-28T11:08:00Z",
      "event_description": null
    }
  },
  {
    "model": "stadium.event",
    "pk": 103,
    "fields": {
      "stadium": 3,
      "event_name": "Badminton India vs Indonesia",
      "date_time": "2024-11-27T09:57:00Z",
      "event_description": null
    }
  },
  {
    "model": "stadium.event",
    "pk": 104,
    "fields": {
      "stadium": 3,
      "event_name": "Football India vs United States",
      "date_time": "2024-05-17T00:10:00Z",
      "event_description": null
    }
  },
  {
    "model": "stadium.event",
    "pk": 105,
    "fields": {
      "stadium": 3,
      "event_name": "Basketball India vs Pakistan",
      "date_time": "2024-10-26T16:51:00Z",
      "event_description": null
    }
  },
  {
    "model": "stadium.event",
    "pk": 106,
    "fields": {
      "stadium": 4,
      "event_name": "Cricket India vs Indonesia",
      "date_time": "2024-06-23T23:45:00Z",
      "event_description": null
    }
  },
  {
    "model": "stadium.event",
    "pk": 107,
    "fields": {
      "stadium": 4,
      "event_name": "Badminton India vs United States",
      "date_time": "2024-04-01T06:45:00Z",
      "event_description": null
    }
  },
  {
    "model": "stadium.event",
    "pk": 108,
    "fields": {
      "stadium": 4,
      "event_name": "Football India vs Pakistan",
      "date_time": "2024-07-15T11:29:00Z",
      "event_description": null
    }
  },
  {
    "model": "stadium.event",
    "pk": 109,
    "fields": {
      "stadium": 4,
      "event_name": "Basketball India vs Australia",
      "date_time": "2024-04-28T15:17:00Z",
      "event_description": null
    }
  },
  {
    "model": "stadium.event",
    "pk": 110,
    "fields": {
      "stadium": 5,
      "event_name": "Cricket India vs United States",
      "date_time": "2024-09-17T00:09:00Z",
      "event_description": null
    }
  },
  {
    "model": "stadium.event",
    "pk": 111,
    "fields": {
      "stadium": 5,
      "event_name": "Badminton India vs Pakistan",
      "date_time": "2024-05-14T04:20:00Z",
      "event_description": null
    }
  },
  {
    "model": "stadium.event",
    "pk": 112,
    "fields": {
      "stadium": 5,
      "event_name": "Football India vs Australia",
      "date_time": "2024-10-18T03:13:00Z",
      "event_description": null
    }
  },
  {
    "model": "stadium.event",
    "pk": 113,
    "fields": {
      "stadium": 5,
      "event_name": "Basketball India vs England",
      "date_time": "2024-04-25T21:00:00Z",
      "event_description": null
    }
  },
  {
    "model": "stadium.event",
    "pk": 114,
    "fields": {
      "stadium": 6,
      "event_name": "Cricket India vs Pakistan",
      "date_time": "2024-04-14T02:02:00Z",
      "event_description": null
    }
  },
  {
    "model": "stadium.event",
    "pk": 115,
    "fields": {
      "stadium": 6,
      "event_name": "Badminton India vs Australia",
      "date_time": "2024-10-14T20:38:00Z",
      "event_description": null
    }
  },
  {
    "model": "stadium.event",
    "pk": 116,
    "fields": {
      "stadium": 6,
      "event_name": "Football India vs England",
      "date_time": "2024-10-18T03:33:00Z",
      "event_description": null
    }
  },
  {
    "model": "stadium.event",
    "pk": 117,
    "fields": {
      "stadium": 6,
      "event_name": "Basketball India vs Indonesia",
      "date_time": "2024-01-10T22:55:00Z",
      "event_description": null
    }
  },
  {
    "model": "stadium.event",
    "pk": 118,
    "fields": {
      "stadium": 7,
      "event_name": "Cricket India vs Australia",
      "date_time": "2024-11-18T07:03:00Z",
      "event_description": null
    }
  },
  {
    "model": "stadium.event",
    "pk": 119,
    "fields": {
      "stadium": 7,
      "event_name": "Badminton India vs England",
      "date_time": "2024-03-07T22:28:00Z",
      "event_description": null
    }
  },
  {
    "model": "stadium.event",
    "pk": 120,
    "fields": {
      "stadium": 7,
      "event_name": "Football India vs Indonesia",
      "date_time": "2024-08-10T22:02:00Z",
      "event_description": null
    }
  },
  {
    "model": "stadium.event",
    "pk": 121,
    "fields": {
      "stadium": 7,
      "event_name": "Basketball India vs United States",
      "date_time": "2024-04-06T18:56:00Z",
      "event_description": null
    }
  },
  {
    "model": "stadium.event",
    "pk": 122,
    "fields": {
      "stadium": 8,
      "event_name": "Cricket India vs England",
      "date_time": "2024-11-15T08:49:00Z",
      "event_description": null
    }
  },
  {
    "model": "stadium.event",
    "pk": 123,
    "fields": {
      "stadium": 8,
      "event_name": "Badminton India vs Indonesia",
      "date_time": "2024-12-06T01:11:00Z",
      "event_description": null
    }
  },
  {
    "model": "stadium.event",
    "pk": 124,
    "fields": {
      "stadium": 8,
      "event_name": "Football India vs United States",
      "date_time": "2024-11-18T14:29:00Z",
      "event_description": null
    }
  },
  {
    "model": "stadium.event",
    "pk": 125,
    "fields": {
      "stadium": 8,
      "event_name": "Basketball India vs Pakistan",
      "date_time": "2024-10-22T10:56:00Z",
      "event_description": null
    }
  },
  {
    "model": "stadium.event",
    "pk": 126,
    "fields": {
      "stadium": 9,
      "event_name": "Cricket India vs Indonesia",
      "date_time": "2024-04-13T07:27:00Z",
      "event_description": null
    }
  },
  {
    "model": "stadium.event",
    "pk": 127,
    "fields": {
      "stadium": 9,
      "event_name": "Badminton India vs United States",
      "date_time": "2024-05-24T23:11:00Z",
      "event_description": null
    }
  },
  {
    "model": "stadium.event",
    "pk": 128,
    "fields": {
      "stadium": 9,
      "event_name": "Football India vs Pakistan",
      "date_time": "2024-08-08T02:30:00Z",
      "event_description": null
    }
  },
  {
    "model": "stadium.event",
    "pk": 129,
    "fields": {
      "stadium": 9,
      "event_name": "Basketball India vs Australia",
      "date_time": "2024-08-10T15:56:00Z",
      "event_description": null
    }
  },
  {
    "model": "stadium.event",
    "pk": 130,
    "fields": {
      "stadium": 10,
      "event_name": "Cricket India vs United States",
      "date_time": "2024-09-16T18:25:00Z",
      "event_description": null
    }
  },
  {
    "model": "stadium.event",
    "pk": 131,
    "fields": {
      "stadium": 10,
      "event_name": "Badminton India vs Pakistan",
      "date_time": "2024-02-10T17:59:00Z",
      "event_description": null
    }
  },
  {
    "model": "stadium.event",
    "pk": 132,
    "fields": {
      "stadium": 10,
      "event_name": "Football India vs Australia",
      "date_time": "2024-11-20T16:27:00Z",
      "event_description": null
    }
  },
  {
    "model": "stadium.event",
    "pk": 133,
    "fields": {
      "stadium": 10,
      "event_name": "Basketball India vs England",
      "date_time": "2024-11-10T21:42:00Z",
      "event_description": null
    }
  },
  {
    "model": "stadium.event",
    "pk": 134,
    "fields": {
      "stadium": 11,
      "event_name": "Cricket India vs Pakistan",
      "date_time": "2024-07-10T17:39:00Z",
      "event_description": null
    }
  },
  {
    "model": "stadium.event",
    "pk": 135,
    "fields": {
      "stadium": 11,
      "event_name": "Badminton India vs Australia",
      "date_time": "2024-03-13T02:43:00Z",
      "event_description": null
    }
  },
  {
    "model": "stadium.event",
    "pk": 136,
    "fields": {
      "stadium": 11,
      "event_name": "Football India vs England",
      "date_time": "2024-10-12T14:56:00Z",
      "event_description": null
    }
  },
  {
    "model": "stadium.event",
    "pk": 137,
    "fields": {
      "stadium": 11,
      "event_name": "Basketball India vs Indonesia",
      "date_time": "2024-10-25T15:46:00Z",
      "event_description": null
    }
  },
  {
    "model": "stadium.event",
    "pk": 138,
    "fields": {
      "stadium": 12,
      "event_name": "Cricket India vs Australia",
      "date_time": "2024-08-05T05:49:00Z",
      "event_description": null
    }
  },
  {
    "model": "stadium.event",
    "pk": 139,
    "fields": {
      "stadium": 12,
      "event_name": "Badminton India vs England",
      "date_time": "2024-03-18T13:23:00Z",
      "event_description": null
    }
  },
  {
    "model": "stadium.event",
    "pk": 140,
    "fields": {
      "stadium": 12,
      "event_name": "Football India vs Indonesia",
      "date_time": "2024-12-16T13:30:00Z",
      "event_description": null
    }
  },
  {
    "model": "stadium.event",
    "pk": 141,
    "fields": {
      "stadium": 12,
      "event_name": "Basketball India vs United States",
      "date_time": "2024-06-06T06:07:00Z",
      "event_description": null
    }
  },
  {
    "model": "stadium.event",
    "pk": 142,
    "fields": {
      "stadium": 13,
      "event_name": "Cricket India vs England",
      "date_time": "2024-06-17T09:27:00Z",
      "event_description": null
    }
  },
  {
    "model": "stadium.event",
    "pk": 143,
    "fields": {
      "stadium": 13,
      "event_name": "Badminton India vs Indonesia",
      "date_time": "2024-05-02T04:29:00Z",
      "event_description": null
    }
  },
  {
    "model": "stadium.event",
    "pk": 144,
    "fields": {
      "stadium": 13,
      "event_name": "Football India vs United States",
      "date_time": "2024-05-26T12:41:00Z",
      "event_description": null
    }
  },
  {
    "model": "stadium.event",
    "pk": 145,
    "fields": {
      "stadium": 13,
      "event_name": "Basketball India vs Pakistan",
      "date_time": "2024-04-21T02:03:00Z",
      "event_description": null
    }
  },
  {
    "model": "stadium.event",
    "pk": 146,
    "fields": {
      "stadium": 14,
      "event_name": "Cricket India vs Indonesia",
      "date_time": "2024-04-06T04:57:00Z",
      "event_description": null
    }
  },
  {
    "model": "stadium.event",
    "pk": 147,
    "fields": {
      "stadium": 14,
      "event_name": "Badminton India vs United States",
      "date_time": "2024-10-07T13:53:00Z",
      "event_description": null
    }
  },
  {
    "model": "stadium.event",
    "pk": 148,
    "fields": {
      "stadium": 14,
      "event_name": "Football India vs Pakistan",
      "date_time": "2024-08-26T12:30:00Z",
      "event_description": null
    }
  },
  {
    "model": "stadium.event",
    "pk": 149,
    "fields": {
      "stadium": 14,
      "event_name": "Basketball India vs Australia",
      "date_time": "2024-07-07T21:02:00Z",
      "event_description": null
    }
  },
  {
    "model": "stadium.event",
    "pk": 150,
    "fields": {
      "stadium": 15,
      "event_name": "Cricket India vs United States",
      "date_time": "2024-01-16T21:15:00Z",
      "event_description": null
    }
  },
  {
    "model": "stadium.event",
    "pk": 151,
    "fields": {
      "stadium": 15,
      "event_name": "Badminton India vs Pakistan",
      "date_time": "2024-08-19T16:31:00Z",
      "event_description": null
    }
  },
  {
    "model": "stadium.event",
    "pk": 152,
    "fields": {
      "stadium": 15,
      "event_name": "Football India vs Australia",
      "date_time": "2024-12-05T20:11:00Z",
      "event_description": null
    }
  },
  {
    "model": "stadium.event",
    "pk": 153,
    "fields": {
      "stadium": 15,
      "event_name": "Basketball India vs England",
      "date_time": "2024-05-05T11:07:00Z",
      "event_description": null
    }
  },
  {
    "model": "stadium.event",
    "pk": 154,
    "fields": {
      "stadium": 16,
      "event_name": "Cricket India vs Pakistan",
      "date_time": "2024-01-23T09:34:00Z",
      "event_description": null
    }
  },
  {
    "model": "stadium.event",
    "pk": 155,
    "fields": {
      "stadium": 16,
      "event_name": "Badminton India vs Australia",
      "date_time": "2024-02-14T15:30:00Z",
      "event_description": null
    }
  },
  {
    "model": "stadium.event",
    "pk": 156,
    "fields": {
      "stadium": 16,
      "event_name": "Football India vs England",
      "date_time": "2024-04-04T23:13:00Z",
      "event_description": null
    }
  },
  {
    "model": "stadium.event",
    "pk": 157,
    "fields": {
      "stadium": 16,
      "event_name": "Basketball India vs Indonesia",
      "date_time": "2024-03-05T14:40:00Z",
      "event_description": null
    }
  },
  {
    "model": "stadium.event",
    "pk": 158,
    "fields": {
      "stadium": 17,
      "event_name": "Cricket India vs Australia",
      "date_time": "2024-08-21T00:01:00Z",
      "event_description": null
    }
  },
  {
    "model": "stadium.event",
    "pk": 159,
    "fields": {
      "stadium": 17,
      "event_name": "Badminton India vs England",
      "date_time": "2024-02-03T09:19:00Z",
      "event_description": null
    }
  },
  {
    "model": "stadium.event",
    "pk": 160,
    "fields": {
      "stadium": 17,
      "event_name": "Football India vs Indonesia",
      "date_time": "2024-09-10T18:58:00Z",
      "event_description": null
    }
  },
  {
    "model": "stadium.event",
    "pk": 161,
    "fields": {
      "stadium": 17,
      "event_name": "Basketball India vs United States",
      "date_time": "2024-08-02T23:39:00Z",
      "event_description": null
    }
  },
  {
    "model": "stadium.event",
    "pk": 162,
    "fields": {
      "stadium": 18,
      "event_name": "Cricket India vs England",
      "date_time": "2024-12-12T05:36:00Z",
      "event_description": null
    }
  },
  {
    "model": "stadium.event",
    "pk": 163,
    "fields": {
      "stadium": 18,
      "event_name": "Badminton India vs Indonesia",
      "date_time": "2024-06-17T19:27:00Z",
      "event_description": null
    }
  },
  {
    "model": "stadium.event",
    "pk": 164,
    "fields": {
      "stadium": 18,
      "event_name": "Football India vs United States",
      "date_time": "2024-12-26T13:40:00Z",
      "event_description": null
    }
  },
  {
    "model": "stadium.event",
    "pk": 165,
    "fields": {
      "stadium": 18,
      "event_name": "Basketball India vs Pakistan",
      "date_time": "2024-02-14T18:51:00Z",
      "event_description": null
    }
  },
  {
    "model": "stadium.event",
    "pk": 166,
    "fields": {
      "stadium": 19,
      "event_name": "Cricket India vs Indonesia",
      "date_time": "2024-08-12T12:20:00Z",
      "event_description": null
    }
  },
  {
    "model": "stadium.event",
    "pk": 167,
    "fields": {
      "stadium": 19,
      "event_name": "Badminton India vs United States",
      "date_time": "2024-02-21T21:44:00Z",
      "event_description": null
    }
  },
  {
    "model": "stadium.event",
    "pk": 168,
    "fields": {
      "stadium": 19,
      "event_name": "Football India vs Pakistan",
      "date_time": "2024-02-20T20:32:00Z",
      "event_description": null
    }
  },
  {
    "model": "stadium.event",
    "pk": 169,
    "fields": {
      "stadium": 19,
      "event_name": "Basketball India vs Australia",
      "date_time": "2024-07-20T01:13:00Z",
      "event_description": null
    }
  },
  {
    "model": "stadium.event",
    "pk": 170,
    "fields": {
      "stadium": 20,
      "event_name": "Cricket India vs United States",
      "date_time": "2024-06-21T13:04:00Z",
      "event_description": null
    }
  },
  {
    "model": "stadium.event",
    "pk": 171,
    "fields": {
      "stadium": 20,
      "event_name": "Badminton India vs Pakistan",
      "date_time": "2024-03-16T03:17:00Z",
      "event_description": null
    }
  },
  {
    "model": "stadium.event",
    "pk": 172,
    "fields": {
      "stadium": 20,
      "event_name": "Football India vs Australia",
      "date_time": "2024-08-13T10:57:00Z",
      "event_description": null
    }
  },
  {
    "model": "stadium.event",
    "pk": 173,
    "fields": {
      "stadium": 20,
      "event_name": "Basketball India vs England",
      "date_time": "2024-01-20T00:20:00Z",
      "event_description": null
    }
  },
  {
    "model": "stadium.event",
    "pk": 174,
    "fields": {
      "stadium": 21,
      "event_name": "Cricket India vs Pakistan",
      "date_time": "2024-03-14T05:37:00Z",
      "event_description": null
    }
  },
  {
    "model": "stadium.event",
    "pk": 175,
    "fields": {
      "stadium": 21,
      "event_name": "Badminton India vs Australia",
      "date_time": "2024-07-17T10:39:00Z",
      "event_description": null
    }
  },
  {
    "model": "stadium.event",
    "pk": 176,
    "fields": {
      "stadium": 21,
      "event_name": "Football India vs England",
      "date_time": "2024-08-01T23:27:00Z",
      "event_description": null
    }
  },
  {
    "model": "stadium.event",
    "pk": 177,
    "fields": {
      "stadium": 21,
      "event_name": "Basketball India vs Indonesia",
      "date_time": "2024-04-08T08:52:00Z",
      "event_description": null
    }
  },
  {
    "model": "stadium.event",
    "pk": 178,
    "fields": {
      "stadium": 22,
      "event_name": "Cricket India vs Australia",
      "date_time": "2024-09-02T02:44:00Z",
      "event_description": null
    }
  },
  {
    "model": "stadium.event",
    "pk": 179,
    "fields": {
      "stadium": 22,
      "event_name": "Badminton India vs England",
      "date_time": "2024-10-23T18:06:00Z",
      "event_description": null
    }
  },
  {
    "model": "stadium.event",
    "pk": 180,
    "fields": {
      "stadium": 22,
      "event_name": "Football India vs Indonesia",
      "date_time": "2024-03-15T07:06:00Z",
      "event_description": null
    }
  },
  {
    "model": "stadium.event",
    "pk": 181,
    "fields": {
      "stadium": 22,
      "event_name": "Basketball India vs United States",
      "date_time": "2024-06-20T16:34:00Z",
      "event_description": null
    }
  },
  {
    "model": "stadium.event",
    "pk": 182,
    "fields": {
      "stadium": 23,
      "event_name": "Cricket India vs England",
      "date_time": "2024-02-03T11:59:00Z",
      "event_description": null
    }
  },
  {
    "model": "stadium.event",
    "pk": 183,
    "fields": {
      "stadium": 23,
      "event_name": "Badminton India vs Indonesia",
      "date_time": "2024-01-11T07:51:00Z",
      "event_description": null
    }
  },
  {
    "model": "stadium.event",
    "pk": 184,
    "fields": {
      "stadium": 23,
      "event_name": "Football India vs United States",
      "date_time": "2024-12-26T21:27:00Z",
      "event_description": null
    }
  },
  {
    "model": "stadium.event",
    "pk": 185,
    "fields": {
      "stadium": 23,
      "event_name": "Basketball India vs Pakistan",
      "date_time": "2024-04-07T17:18:00Z",
      "event_description": null
    }
  },
  {
    "model": "stadium.sector",
    "pk": 1,
    "fields": { "stadium": 1, "sector_name": "VIP", "sector_price": 10000 }
  },
  {
    "model": "stadium.sector",
    "pk": 2,
    "fields": { "stadium": 1, "sector_name": "General", "sector_price": 2500 }
  },
  {
    "model": "stadium.sector",
    "pk": 3,
    "fields": { "stadium": 1, "sector_name": "Premium", "sector_price": 14000 }
  },
  {
    "model": "stadium.sector",
    "pk": 4,
    "fields": { "stadium": 1, "sector_name": "VIP", "sector_price": 35000 }
  },
  {
    "model": "stadium.sector",
    "pk": 5,
    "fields": { "stadium": 2, "sector_name": "General", "sector_price": 3500 }
  },
  {
    "model": "stadium.sector",
    "pk": 6,
    "fields": { "stadium": 2, "sector_name": "Premium", "sector_price": 18000 }
  },
  {
    "model": "stadium.sector",
    "pk": 7,
    "fields": { "stadium": 2, "sector_name": "VIP", "sector_price": 45000 }
  },
  {
    "model": "stadium.sector",
    "pk": 8,
    "fields": { "stadium": 3, "sector_name": "General", "sector_price": 4000 }
  },
  {
    "model": "stadium.sector",
    "pk": 9,
    "fields": { "stadium": 3, "sector_name": "Premium", "sector_price": 20000 }
  },
  {
    "model": "stadium.sector",
    "pk": 10,
    "fields": { "stadium": 3, "sector_name": "VIP", "sector_price": 45000 }
  },
  {
    "model": "stadium.sector",
    "pk": 11,
    "fields": { "stadium": 4, "sector_name": "General", "sector_price": 3000 }
  },
  {
    "model": "stadium.sector",
    "pk": 12,
    "fields": { "stadium": 4, "sector_name": "Premium", "sector_price": 20000 }
  },
  {
    "model": "stadium.sector",
    "pk": 13,
    "fields": { "stadium": 4, "sector_name": "VIP", "sector_price": 100000 }
  },
  {
    "model": "stadium.sector",
    "pk": 14,
    "fields": { "stadium": 5, "sector_name": "General", "sector_price": 2500 }
  },
  {
    "model": "stadium.sector",
    "pk": 15,
    "fields": { "stadium": 5, "sector_name": "Premium", "sector_price": 12000 }
  },
  {
    "model": "stadium.sector",
    "pk": 16,
    "fields": { "stadium": 5, "sector_name": "VIP", "sector_price": 45000 }
  },
  {
    "model": "stadium.sector",
    "pk": 17,
    "fields": { "stadium": 6, "sector_name": "General", "sector_price": 5000 }
  },
  {
    "model": "stadium.sector",
    "pk": 18,
    "fields": { "stadium": 6, "sector_name": "Premium", "sector_price": 14000 }
  },
  {
    "model": "stadium.sector",
    "pk": 19,
    "fields": { "stadium": 6, "sector_name": "VIP", "sector_price": 30000 }
  },
  {
    "model": "stadium.sector",
    "pk": 20,
    "fields": { "stadium": 7, "sector_name": "General", "sector_price": 2500 }
  },
  {
    "model": "stadium.sector",
    "pk": 21,
    "fields": { "stadium": 7, "sector_name": "Premium", "sector_price": 10000 }
  },
  {
    "model": "stadium.sector",
    "pk": 22,
    "fields": { "stadium": 7, "sector_name": "VIP", "sector_price": 30000 }
  },
  {
    "model": "stadium.sector",
    "pk": 23,
    "fields": { "stadium": 8, "sector_name": "General", "sector_price": 3000 }
  },
  {
    "model": "stadium.sector",
    "pk": 24,
    "fields": { "stadium": 8, "sector_name": "Premium", "sector_price": 18000 }
  },
  {
    "model": "stadium.sector",
    "pk": 25,
    "fields": { "stadium": 8, "sector_name": "VIP", "sector_price": 50000 }
  },
  {
    "model": "stadium.sector",
    "pk": 26,
    "fields": { "stadium": 9, "sector_name": "General", "sector_price": 4000 }
  },
  {
    "model": "stadium.sector",
    "pk": 27,
    "fields": { "stadium": 9, "sector_name": "Premium", "sector_price": 14000 }
  },
  {
    "model": "stadium.sector",
    "pk": 28,
    "fields": { "stadium": 9, "sector_name": "VIP", "sector_price": 40000 }
  },
  {
    "model": "stadium.sector",
    "pk": 29,
    "fields": { "stadium": 10, "sector_name": "General", "sector_price": 3500 }
  },
  {
    "model": "stadium.sector",
    "pk": 30,
    "fields": { "stadium": 10, "sector_name": "Premium", "sector_price": 14000 }
  },
  {
    "model": "stadium.sector",
    "pk": 31,
    "fields": { "stadium": 10, "sector_name": "VIP", "sector_price": 45000 }
  },
  {
    "model": "stadium.sector",
    "pk": 32,
    "fields": { "stadium": 11, "sector_name": "General", "sector_price": 3000 }
  },
  {
    "model": "stadium.sector",
    "pk": 33,
    "fields": { "stadium": 11, "sector_name": "Premium", "sector_price": 12000 }
  },
  {
    "model": "stadium.sector",
    "pk": 34,
    "fields": { "stadium": 11, "sector_name": "VIP", "sector_price": 45000 }
  },
  {
    "model": "stadium.sector",
    "pk": 35,
    "fields": { "stadium": 12, "sector_name": "General", "sector_price": 4500 }
  },
  {
    "model": "stadium.sector",
    "pk": 36,
    "fields": { "stadium": 12, "sector_name": "Premium", "sector_price": 12000 }
  },
  {
    "model": "stadium.sector",
    "pk": 37,
    "fields": { "stadium": 12, "sector_name": "VIP", "sector_price": 30000 }
  },
  {
    "model": "stadium.sector",
    "pk": 38,
    "fields": { "stadium": 13, "sector_name": "General", "sector_price": 4500 }
  },
  {
    "model": "stadium.sector",
    "pk": 39,
    "fields": { "stadium": 13, "sector_name": "Premium", "sector_price": 10000 }
  },
  {
    "model": "stadium.sector",
    "pk": 40,
    "fields": { "stadium": 13, "sector_name": "VIP", "sector_price": 25000 }
  },
  {
    "model": "stadium.sector",
    "pk": 41,
    "fields": { "stadium": 14, "sector_name": "General", "sector_price": 3000 }
  },
  {
    "model": "stadium.sector",
    "pk": 42,
    "fields": { "stadium": 14, "sector_name": "Premium", "sector_price": 18000 }
  },
  {
    "model": "stadium.sector",
    "pk": 43,
    "fields": { "stadium": 14, "sector_name": "VIP", "sector_price": 25000 }
  },
  {
    "model": "stadium.sector",
    "pk": 44,
    "fields": { "stadium": 15, "sector_name": "General", "sector_price": 5000 }
  },
  {
    "model": "stadium.sector",
    "pk": 45,
    "fields": { "stadium": 15, "sector_name": "Premium", "sector_price": 18000 }
  },
  {
    "model": "stadium.sector",
    "pk": 46,
    "fields": { "stadium": 15, "sector_name": "VIP", "sector_price": 45000 }
  },
  {
    "model": "stadium.sector",
    "pk": 47,
    "fields": { "stadium": 16, "sector_name": "General", "sector_price": 5000 }
  },
  {
    "model": "stadium.sector",
    "pk": 48,
    "fields": { "stadium": 16, "sector_name": "Premium", "sector_price": 16000 }
  },
  {
    "model": "stadium.sector",
    "pk": 49,
    "fields": { "stadium": 16, "sector_name": "VIP", "sector_price": 45000 }
  },
  {
    "model": "stadium.sector",
    "pk": 50,
    "fields": { "stadium": 17, "sector_name": "General", "sector_price": 2500 }
  },
  {
    "model": "stadium.sector",
    "pk": 51,
    "fields": { "stadium": 17, "sector_name": "Premium", "sector_price": 16000 }
  },
  {
    "model": "stadium.sector",
    "pk": 52,
    "fields": { "stadium": 17, "sector_name": "VIP", "sector_price": 30000 }
  },
  {
    "model": "stadium.sector",
    "pk": 53,
    "fields": { "stadium": 18, "sector_name": "General", "sector_price": 3000 }
  },
  {
    "model": "stadium.sector",
    "pk": 54,
    "fields": { "stadium": 18, "sector_name": "Premium", "sector_price": 18000 }
  },
  {
    "model": "stadium.sector",
    "pk": 55,
    "fields": { "stadium": 18, "sector_name": "VIP", "sector_price": 25000 }
  },
  {
    "model": "stadium.sector",
    "pk": 56,
    "fields": { "stadium": 19, "sector_name": "General", "sector_price": 5000 }
  },
  {
    "model": "stadium.sector",
    "pk": 57,
    "fields": { "stadium": 19, "sector_name": "Premium", "sector_price": 10000 }
  },
  {
    "model": "stadium.sector",
    "pk": 58,
    "fields": { "stadium": 19, "sector_name": "VIP", "sector_price": 40000 }
  },
  {
    "model": "stadium.sector",
    "pk": 59,
    "fields": { "stadium": 20, "sector_name": "General", "sector_price": 2500 }
  },
  {
    "model": "stadium.sector",
    "pk": 60,
    "fields": { "stadium": 20, "sector_name": "Premium", "sector_price": 10000 }
  },
  {
    "model": "stadium.sector",
    "pk": 61,
    "fields": { "stadium": 20, "sector_name": "VIP", "sector_price": 50000 }
  },
  {
    "model": "stadium.sector",
    "pk": 62,
    "fields": { "stadium": 21, "sector_name": "General", "sector_price": 3500 }
  },
  {
    "model": "stadium.sector",
    "pk": 63,
    "fields": { "stadium": 21, "sector_name": "Premium", "sector_price": 10000 }
  },
  {
    "model": "stadium.sector",
    "pk": 64,
    "fields": { "stadium": 21, "sector_name": "VIP", "sector_price": 45000 }
  },
  {
    "model": "stadium.sector",
    "pk": 65,
    "fields": { "stadium": 22, "sector_name": "General", "sector_price": 3500 }
  },
  {
    "model": "stadium.sector",
    "pk": 66,
    "fields": { "stadium": 22, "sector_name": "Premium", "sector_price": 12000 }
  },
  {
    "model": "stadium.sector",
    "pk": 67,
    "fields": { "stadium": 22, "sector_name": "VIP", "sector_price": 45000 }
  },
  {
    "model": "stadium.sector",
    "pk": 68,
    "fields": { "stadium": 23, "sector_name": "General", "sector_price": 3500 }
  },
  {
    "model": "stadium.sector",
    "pk": 69,
    "fields": { "stadium": 23, "sector_name": "Premium", "sector_price": 16000 }
  },
  {
    "model": "stadium.sector",
    "pk": 70,
    "fields": { "stadium": 23, "sector_name": "VIP", "sector_price": 40000 }
  },
  {
    "model": "stadium.fooditem",
    "pk": 226,
    "fields": { "food_name": "Popcorn", "stadium": 1, "food_price": 150 }
  },
  {
    "model": "stadium.fooditem",
    "pk": 227,
    "fields": { "food_name": "Pretzels", "stadium": 1, "food_price": 70 }
  },
  {
    "model": "stadium.fooditem",
    "pk": 228,
    "fields": { "food_name": "Hot Dogs", "stadium": 1, "food_price": 100 }
  },
  {
    "model": "stadium.fooditem",
    "pk": 229,
    "fields": { "food_name": "Nachos", "stadium": 1, "food_price": 120 }
  },
  {
    "model": "stadium.fooditem",
    "pk": 230,
    "fields": {
      "food_name": "Soft Pretzel Bites",
      "stadium": 1,
      "food_price": 130
    }
  },
  {
    "model": "stadium.fooditem",
    "pk": 231,
    "fields": { "food_name": "Pretzels", "stadium": 2, "food_price": 120 }
  },
  {
    "model": "stadium.fooditem",
    "pk": 232,
    "fields": { "food_name": "Hot Dogs", "stadium": 2, "food_price": 130 }
  },
  {
    "model": "stadium.fooditem",
    "pk": 233,
    "fields": { "food_name": "Nachos", "stadium": 2, "food_price": 140 }
  },
  {
    "model": "stadium.fooditem",
    "pk": 234,
    "fields": {
      "food_name": "Soft Pretzel Bites",
      "stadium": 2,
      "food_price": 80
    }
  },
  {
    "model": "stadium.fooditem",
    "pk": 235,
    "fields": { "food_name": "Cotton Candy", "stadium": 2, "food_price": 70 }
  },
  {
    "model": "stadium.fooditem",
    "pk": 236,
    "fields": { "food_name": "Hot Dogs", "stadium": 3, "food_price": 150 }
  },
  {
    "model": "stadium.fooditem",
    "pk": 237,
    "fields": { "food_name": "Nachos", "stadium": 3, "food_price": 120 }
  },
  {
    "model": "stadium.fooditem",
    "pk": 238,
    "fields": {
      "food_name": "Soft Pretzel Bites",
      "stadium": 3,
      "food_price": 130
    }
  },
  {
    "model": "stadium.fooditem",
    "pk": 239,
    "fields": { "food_name": "Cotton Candy", "stadium": 3, "food_price": 130 }
  },
  {
    "model": "stadium.fooditem",
    "pk": 240,
    "fields": { "food_name": "Churros", "stadium": 3, "food_price": 120 }
  },
  {
    "model": "stadium.fooditem",
    "pk": 241,
    "fields": { "food_name": "Nachos", "stadium": 4, "food_price": 110 }
  },
  {
    "model": "stadium.fooditem",
    "pk": 242,
    "fields": {
      "food_name": "Soft Pretzel Bites",
      "stadium": 4,
      "food_price": 70
    }
  },
  {
    "model": "stadium.fooditem",
    "pk": 243,
    "fields": { "food_name": "Cotton Candy", "stadium": 4, "food_price": 70 }
  },
  {
    "model": "stadium.fooditem",
    "pk": 244,
    "fields": { "food_name": "Churros", "stadium": 4, "food_price": 120 }
  },
  {
    "model": "stadium.fooditem",
    "pk": 245,
    "fields": { "food_name": "French Fries", "stadium": 4, "food_price": 70 }
  },
  {
    "model": "stadium.fooditem",
    "pk": 246,
    "fields": {
      "food_name": "Soft Pretzel Bites",
      "stadium": 5,
      "food_price": 140
    }
  },
  {
    "model": "stadium.fooditem",
    "pk": 247,
    "fields": { "food_name": "Cotton Candy", "stadium": 5, "food_price": 120 }
  },
  {
    "model": "stadium.fooditem",
    "pk": 248,
    "fields": { "food_name": "Churros", "stadium": 5, "food_price": 120 }
  },
  {
    "model": "stadium.fooditem",
    "pk": 249,
    "fields": { "food_name": "French Fries", "stadium": 5, "food_price": 120 }
  },
  {
    "model": "stadium.fooditem",
    "pk": 250,
    "fields": { "food_name": "Chicken Tenders", "stadium": 5, "food_price": 90 }
  },
  {
    "model": "stadium.fooditem",
    "pk": 251,
    "fields": { "food_name": "Cotton Candy", "stadium": 6, "food_price": 150 }
  },
  {
    "model": "stadium.fooditem",
    "pk": 252,
    "fields": { "food_name": "Churros", "stadium": 6, "food_price": 140 }
  },
  {
    "model": "stadium.fooditem",
    "pk": 253,
    "fields": { "food_name": "French Fries", "stadium": 6, "food_price": 110 }
  },
  {
    "model": "stadium.fooditem",
    "pk": 254,
    "fields": {
      "food_name": "Chicken Tenders",
      "stadium": 6,
      "food_price": 140
    }
  },
  {
    "model": "stadium.fooditem",
    "pk": 255,
    "fields": { "food_name": "Cheese Fries", "stadium": 6, "food_price": 100 }
  },
  {
    "model": "stadium.fooditem",
    "pk": 256,
    "fields": { "food_name": "Churros", "stadium": 7, "food_price": 90 }
  },
  {
    "model": "stadium.fooditem",
    "pk": 257,
    "fields": { "food_name": "French Fries", "stadium": 7, "food_price": 140 }
  },
  {
    "model": "stadium.fooditem",
    "pk": 258,
    "fields": { "food_name": "Chicken Tenders", "stadium": 7, "food_price": 80 }
  },
  {
    "model": "stadium.fooditem",
    "pk": 259,
    "fields": { "food_name": "Cheese Fries", "stadium": 7, "food_price": 110 }
  },
  {
    "model": "stadium.fooditem",
    "pk": 260,
    "fields": { "food_name": "Onion Rings", "stadium": 7, "food_price": 150 }
  },
  {
    "model": "stadium.fooditem",
    "pk": 261,
    "fields": { "food_name": "French Fries", "stadium": 8, "food_price": 130 }
  },
  {
    "model": "stadium.fooditem",
    "pk": 262,
    "fields": {
      "food_name": "Chicken Tenders",
      "stadium": 8,
      "food_price": 100
    }
  },
  {
    "model": "stadium.fooditem",
    "pk": 263,
    "fields": { "food_name": "Cheese Fries", "stadium": 8, "food_price": 80 }
  },
  {
    "model": "stadium.fooditem",
    "pk": 264,
    "fields": { "food_name": "Onion Rings", "stadium": 8, "food_price": 110 }
  },
  {
    "model": "stadium.fooditem",
    "pk": 265,
    "fields": { "food_name": "Popcorn", "stadium": 8, "food_price": 110 }
  },
  {
    "model": "stadium.fooditem",
    "pk": 266,
    "fields": {
      "food_name": "Chicken Tenders",
      "stadium": 9,
      "food_price": 130
    }
  },
  {
    "model": "stadium.fooditem",
    "pk": 267,
    "fields": { "food_name": "Cheese Fries", "stadium": 9, "food_price": 140 }
  },
  {
    "model": "stadium.fooditem",
    "pk": 268,
    "fields": { "food_name": "Onion Rings", "stadium": 9, "food_price": 130 }
  },
  {
    "model": "stadium.fooditem",
    "pk": 269,
    "fields": { "food_name": "Popcorn", "stadium": 9, "food_price": 110 }
  },
  {
    "model": "stadium.fooditem",
    "pk": 270,
    "fields": { "food_name": "Pretzels", "stadium": 9, "food_price": 70 }
  },
  {
    "model": "stadium.fooditem",
    "pk": 271,
    "fields": { "food_name": "Cheese Fries", "stadium": 10, "food_price": 100 }
  },
  {
    "model": "stadium.fooditem",
    "pk": 272,
    "fields": { "food_name": "Onion Rings", "stadium": 10, "food_price": 120 }
  },
  {
    "model": "stadium.fooditem",
    "pk": 273,
    "fields": { "food_name": "Popcorn", "stadium": 10, "food_price": 70 }
  },
  {
    "model": "stadium.fooditem",
    "pk": 274,
    "fields": { "food_name": "Pretzels", "stadium": 10, "food_price": 130 }
  },
  {
    "model": "stadium.fooditem",
    "pk": 275,
    "fields": { "food_name": "Hot Dogs", "stadium": 10, "food_price": 70 }
  },
  {
    "model": "stadium.fooditem",
    "pk": 276,
    "fields": { "food_name": "Onion Rings", "stadium": 11, "food_price": 150 }
  },
  {
    "model": "stadium.fooditem",
    "pk": 277,
    "fields": { "food_name": "Popcorn", "stadium": 11, "food_price": 130 }
  },
  {
    "model": "stadium.fooditem",
    "pk": 278,
    "fields": { "food_name": "Pretzels", "stadium": 11, "food_price": 140 }
  },
  {
    "model": "stadium.fooditem",
    "pk": 279,
    "fields": { "food_name": "Hot Dogs", "stadium": 11, "food_price": 100 }
  },
  {
    "model": "stadium.fooditem",
    "pk": 280,
    "fields": { "food_name": "Nachos", "stadium": 11, "food_price": 90 }
  },
  {
    "model": "stadium.fooditem",
    "pk": 281,
    "fields": { "food_name": "Popcorn", "stadium": 12, "food_price": 90 }
  },
  {
    "model": "stadium.fooditem",
    "pk": 282,
    "fields": { "food_name": "Pretzels", "stadium": 12, "food_price": 100 }
  },
  {
    "model": "stadium.fooditem",
    "pk": 283,
    "fields": { "food_name": "Hot Dogs", "stadium": 12, "food_price": 80 }
  },
  {
    "model": "stadium.fooditem",
    "pk": 284,
    "fields": { "food_name": "Nachos", "stadium": 12, "food_price": 110 }
  },
  {
    "model": "stadium.fooditem",
    "pk": 285,
    "fields": {
      "food_name": "Soft Pretzel Bites",
      "stadium": 12,
      "food_price": 100
    }
  },
  {
    "model": "stadium.fooditem",
    "pk": 286,
    "fields": { "food_name": "Pretzels", "stadium": 13, "food_price": 90 }
  },
  {
    "model": "stadium.fooditem",
    "pk": 287,
    "fields": { "food_name": "Hot Dogs", "stadium": 13, "food_price": 70 }
  },
  {
    "model": "stadium.fooditem",
    "pk": 288,
    "fields": { "food_name": "Nachos", "stadium": 13, "food_price": 130 }
  },
  {
    "model": "stadium.fooditem",
    "pk": 289,
    "fields": {
      "food_name": "Soft Pretzel Bites",
      "stadium": 13,
      "food_price": 120
    }
  },
  {
    "model": "stadium.fooditem",
    "pk": 290,
    "fields": { "food_name": "Cotton Candy", "stadium": 13, "food_price": 90 }
  },
  {
    "model": "stadium.fooditem",
    "pk": 291,
    "fields": { "food_name": "Hot Dogs", "stadium": 14, "food_price": 120 }
  },
  {
    "model": "stadium.fooditem",
    "pk": 292,
    "fields": { "food_name": "Nachos", "stadium": 14, "food_price": 150 }
  },
  {
    "model": "stadium.fooditem",
    "pk": 293,
    "fields": {
      "food_name": "Soft Pretzel Bites",
      "stadium": 14,
      "food_price": 110
    }
  },
  {
    "model": "stadium.fooditem",
    "pk": 294,
    "fields": { "food_name": "Cotton Candy", "stadium": 14, "food_price": 150 }
  },
  {
    "model": "stadium.fooditem",
    "pk": 295,
    "fields": { "food_name": "Churros", "stadium": 14, "food_price": 90 }
  },
  {
    "model": "stadium.fooditem",
    "pk": 296,
    "fields": { "food_name": "Nachos", "stadium": 15, "food_price": 90 }
  },
  {
    "model": "stadium.fooditem",
    "pk": 297,
    "fields": {
      "food_name": "Soft Pretzel Bites",
      "stadium": 15,
      "food_price": 120
    }
  },
  {
    "model": "stadium.fooditem",
    "pk": 298,
    "fields": { "food_name": "Cotton Candy", "stadium": 15, "food_price": 80 }
  },
  {
    "model": "stadium.fooditem",
    "pk": 299,
    "fields": { "food_name": "Churros", "stadium": 15, "food_price": 150 }
  },
  {
    "model": "stadium.fooditem",
    "pk": 300,
    "fields": { "food_name": "French Fries", "stadium": 15, "food_price": 70 }
  },
  {
    "model": "stadium.fooditem",
    "pk": 301,
    "fields": {
      "food_name": "Soft Pretzel Bites",
      "stadium": 16,
      "food_price": 110
    }
  },
  {
    "model": "stadium.fooditem",
    "pk": 302,
    "fields": { "food_name": "Cotton Candy", "stadium": 16, "food_price": 110 }
  },
  {
    "model": "stadium.fooditem",
    "pk": 303,
    "fields": { "food_name": "Churros", "stadium": 16, "food_price": 130 }
  },
  {
    "model": "stadium.fooditem",
    "pk": 304,
    "fields": { "food_name": "French Fries", "stadium": 16, "food_price": 90 }
  },
  {
    "model": "stadium.fooditem",
    "pk": 305,
    "fields": {
      "food_name": "Chicken Tenders",
      "stadium": 16,
      "food_price": 150
    }
  },
  {
    "model": "stadium.fooditem",
    "pk": 306,
    "fields": { "food_name": "Cotton Candy", "stadium": 17, "food_price": 130 }
  },
  {
    "model": "stadium.fooditem",
    "pk": 307,
    "fields": { "food_name": "Churros", "stadium": 17, "food_price": 70 }
  },
  {
    "model": "stadium.fooditem",
    "pk": 308,
    "fields": { "food_name": "French Fries", "stadium": 17, "food_price": 80 }
  },
  {
    "model": "stadium.fooditem",
    "pk": 309,
    "fields": {
      "food_name": "Chicken Tenders",
      "stadium": 17,
      "food_price": 130
    }
  },
  {
    "model": "stadium.fooditem",
    "pk": 310,
    "fields": { "food_name": "Cheese Fries", "stadium": 17, "food_price": 120 }
  },
  {
    "model": "stadium.fooditem",
    "pk": 311,
    "fields": { "food_name": "Churros", "stadium": 18, "food_price": 100 }
  },
  {
    "model": "stadium.fooditem",
    "pk": 312,
    "fields": { "food_name": "French Fries", "stadium": 18, "food_price": 70 }
  },
  {
    "model": "stadium.fooditem",
    "pk": 313,
    "fields": {
      "food_name": "Chicken Tenders",
      "stadium": 18,
      "food_price": 110
    }
  },
  {
    "model": "stadium.fooditem",
    "pk": 314,
    "fields": { "food_name": "Cheese Fries", "stadium": 18, "food_price": 110 }
  },
  {
    "model": "stadium.fooditem",
    "pk": 315,
    "fields": { "food_name": "Onion Rings", "stadium": 18, "food_price": 70 }
  },
  {
    "model": "stadium.fooditem",
    "pk": 316,
    "fields": { "food_name": "French Fries", "stadium": 19, "food_price": 100 }
  },
  {
    "model": "stadium.fooditem",
    "pk": 317,
    "fields": {
      "food_name": "Chicken Tenders",
      "stadium": 19,
      "food_price": 130
    }
  },
  {
    "model": "stadium.fooditem",
    "pk": 318,
    "fields": { "food_name": "Cheese Fries", "stadium": 19, "food_price": 120 }
  },
  {
    "model": "stadium.fooditem",
    "pk": 319,
    "fields": { "food_name": "Onion Rings", "stadium": 19, "food_price": 110 }
  },
  {
    "model": "stadium.fooditem",
    "pk": 320,
    "fields": { "food_name": "Popcorn", "stadium": 19, "food_price": 140 }
  },
  {
    "model": "stadium.fooditem",
    "pk": 321,
    "fields": {
      "food_name": "Chicken Tenders",
      "stadium": 20,
      "food_price": 100
    }
  },
  {
    "model": "stadium.fooditem",
    "pk": 322,
    "fields": { "food_name": "Cheese Fries", "stadium": 20, "food_price": 70 }
  },
  {
    "model": "stadium.fooditem",
    "pk": 323,
    "fields": { "food_name": "Onion Rings", "stadium": 20, "food_price": 90 }
  },
  {
    "model": "stadium.fooditem",
    "pk": 324,
    "fields": { "food_name": "Popcorn", "stadium": 20, "food_price": 90 }
  },
  {
    "model": "stadium.fooditem",
    "pk": 325,
    "fields": { "food_name": "Pretzels", "stadium": 20, "food_price": 90 }
  },
  {
    "model": "stadium.fooditem",
    "pk": 326,
    "fields": { "food_name": "Cheese Fries", "stadium": 21, "food_price": 110 }
  },
  {
    "model": "stadium.fooditem",
    "pk": 327,
    "fields": { "food_name": "Onion Rings", "stadium": 21, "food_price": 140 }
  },
  {
    "model": "stadium.fooditem",
    "pk": 328,
    "fields": { "food_name": "Popcorn", "stadium": 21, "food_price": 140 }
  },
  {
    "model": "stadium.fooditem",
    "pk": 329,
    "fields": { "food_name": "Pretzels", "stadium": 21, "food_price": 80 }
  },
  {
    "model": "stadium.fooditem",
    "pk": 330,
    "fields": { "food_name": "Hot Dogs", "stadium": 21, "food_price": 130 }
  },
  {
    "model": "stadium.fooditem",
    "pk": 331,
    "fields": { "food_name": "Onion Rings", "stadium": 22, "food_price": 80 }
  },
  {
    "model": "stadium.fooditem",
    "pk": 332,
    "fields": { "food_name": "Popcorn", "stadium": 22, "food_price": 70 }
  },
  {
    "model": "stadium.fooditem",
    "pk": 333,
    "fields": { "food_name": "Pretzels", "stadium": 22, "food_price": 140 }
  },
  {
    "model": "stadium.fooditem",
    "pk": 334,
    "fields": { "food_name": "Hot Dogs", "stadium": 22, "food_price": 120 }
  },
  {
    "model": "stadium.fooditem",
    "pk": 335,
    "fields": { "food_name": "Nachos", "stadium": 22, "food_price": 130 }
  },
  {
    "model": "stadium.fooditem",
    "pk": 336,
    "fields": { "food_name": "Popcorn", "stadium": 23, "food_price": 120 }
  },
  {
    "model": "stadium.fooditem",
    "pk": 337,
    "fields": { "food_name": "Pretzels", "stadium": 23, "food_price": 130 }
  },
  {
    "model": "stadium.fooditem",
    "pk": 338,
    "fields": { "food_name": "Hot Dogs", "stadium": 23, "food_price": 130 }
  },
  {
    "model": "stadium.fooditem",
    "pk": 339,
    "fields": { "food_name": "Nachos", "stadium": 23, "food_price": 90 }
  },
  {
    "model": "stadium.fooditem",
    "pk": 340,
    "fields": {
      "food_name": "Soft Pretzel Bites",
      "stadium": 23,
      "food_price": 130
    }
  }
]
